"Kod";"Nazwa";"Miesiące";"Rodzaje towarów i usług";"Cena i wskaźniki";"Rok";"Wartosc";"Jednostka miary";"Atrybut";
2200000;"POMORSKIE";"styczeń";"ryż - za 1kg";"cena";"2016";3,85;"zł";"";
2200000;"POMORSKIE";"styczeń";"bułka pszenna - za 50g";"cena";"2016";0,41;"zł";"";
2200000;"POMORSKIE";"styczeń";"chleb pszenno-żytni - za 0,5kg";"cena";"2016";2,03;"zł";"";
2200000;"POMORSKIE";"styczeń";"mąka pszenna - za 1kg";"cena";"2016";2,64;"zł";"";
2200000;"POMORSKIE";"styczeń";"kasza jęczmienna - za 0,5kg";"cena";"2016";2,27;"zł";"";
2200000;"POMORSKIE";"styczeń";"mięso wołowe z kością (rostbef) - za 1kg";"cena";"2016";25,36;"zł";"";
2200000;"POMORSKIE";"styczeń";"mięso wołowe bez kości (z udźca) - za 1 kg";"cena";"2016";38,81;"zł";"";
2200000;"POMORSKIE";"styczeń";"mięso wieprzowe z kością (schab środkowy) - za 1kg";"cena";"2016";13,88;"zł";"";
2200000;"POMORSKIE";"styczeń";"kurczęta patroszone - za 1kg";"cena";"2016";6,65;"zł";"";
2200000;"POMORSKIE";"styczeń";"szynka wieprzowa gotowana - za 1kg";"cena";"2016";27,59;"zł";"";
2200000;"POMORSKIE";"styczeń";"kiełbasa suszona - za 1kg";"cena";"2016";28,47;"zł";"";
2200000;"POMORSKIE";"styczeń";"kiełbasa wędzona - za 1kg";"cena";"2016";15,78;"zł";"";
2200000;"POMORSKIE";"styczeń";"kiełbasa wędzona (2) - za 1kg";"cena";"2016";19,52;"zł";"";
2200000;"POMORSKIE";"styczeń";"filety z morszczuka mrożone - za 1kg";"cena";"2016";22,64;"zł";"";
2200000;"POMORSKIE";"styczeń";"karp świeży - za 1kg";"cena";"2016";15,30;"zł";"";
2200000;"POMORSKIE";"styczeń";"mleko krowie spożywcze o zawartości tłuszczu 3-3,5%, sterylizowane - za 1l";"cena";"2016";2,51;"zł";"";
2200000;"POMORSKIE";"styczeń";"mleko krowie spożywcze o zawartości tłuszczu 2-2,5% - za 1l";"cena";"2016";2,15;"zł";"";
2200000;"POMORSKIE";"styczeń";"ser twarogowy półtłusty - za 1kg";"cena";"2016";13,00;"zł";"";
2200000;"POMORSKIE";"styczeń";"ser dojrzewający - za 1kg";"cena";"2016";17,05;"zł";"";
2200000;"POMORSKIE";"styczeń";"śmietana o zawartości tłuszczu 18% - za 200 g";"cena";"2016";1,65;"zł";"";
2200000;"POMORSKIE";"styczeń";"jaja kurze świeże - za 1szt";"cena";"2016";0,50;"zł";"";
2200000;"POMORSKIE";"styczeń";"masło świeże o zawartości tłuszczu ok. 82,5% - za 200 g";"cena";"2016";3,71;"zł";"";
2200000;"POMORSKIE";"styczeń";"margaryna - za 400 g";"cena";"2016";4,06;"zł";"";
2200000;"POMORSKIE";"styczeń";"olej rzepakowy produkcji krajowej - za 1l";"cena";"2016";5,78;"zł";"";
2200000;"POMORSKIE";"styczeń";"jabłka - za 1kg";"cena";"2016";2,85;"zł";"";
2200000;"POMORSKIE";"styczeń";"pomarańcze - za 1kg";"cena";"2016";5,52;"zł";"";
2200000;"POMORSKIE";"styczeń";"cytryny - za 1 kg";"cena";"2016";7,32;"zł";"";
2200000;"POMORSKIE";"styczeń";"marchew - za 1 kg";"cena";"2016";2,41;"zł";"";
2200000;"POMORSKIE";"styczeń";"cebula - za 1 kg";"cena";"2016";2,58;"zł";"";
2200000;"POMORSKIE";"styczeń";"ziemniaki - za 1 kg";"cena";"2016";1,24;"zł";"";
2200000;"POMORSKIE";"styczeń";"cukier biały kryształ - za 1kg";"cena";"2016";2,45;"zł";"";
2200000;"POMORSKIE";"styczeń";"czekolada mleczna - za 100g";"cena";"2016";3,67;"zł";"";
2200000;"POMORSKIE";"styczeń";"kawa naturalna mielona - za 250g";"cena";"2016";6,96;"zł";"";
2200000;"POMORSKIE";"styczeń";"herbata czarna, liściasta - za 100g";"cena";"2016";3,63;"zł";"";
2200000;"POMORSKIE";"styczeń";"sok jabłkowy - za 1l";"cena";"2016";3,58;"zł";"";
2200000;"POMORSKIE";"styczeń";"piwo jasne pełne, butelkowane - za 0,5l";"cena";"2016";2,77;"zł";"";
2200000;"POMORSKIE";"styczeń";"papierosy - za 20szt.";"cena";"2016";13,17;"zł";"";
2200000;"POMORSKIE";"styczeń";"garnitur męski 2-częściowy, z tkaniny z udziałem wełny - za 1 kpl";"cena";"2016";559,17;"zł";"";
2200000;"POMORSKIE";"styczeń";"koszula męska z elanobawełny, długi rękaw";"cena";"2016";107,37;"zł";"";
2200000;"POMORSKIE";"styczeń";"podkoszulek męski bawełniany, krótki rękaw";"cena";"2016";29,29;"zł";"";
2200000;"POMORSKIE";"styczeń";"rajstopy damskie gładkie, 15 den";"cena";"2016";7,25;"zł";"";
2200000;"POMORSKIE";"styczeń";"spodnie (6-11 lat) z tkaniny typu jeans";"cena";"2016";71,03;"zł";"";
2200000;"POMORSKIE";"styczeń";"oczyszczenie chemiczne garnituru męskiego 2-częściowego - za 1kpl";"cena";"2016";36,60;"zł";"";
2200000;"POMORSKIE";"styczeń";"półbuty męskie skórzane na podeszwie nieskórzanej - za 1parę";"cena";"2016";192,54;"zł";"";
2200000;"POMORSKIE";"styczeń";"półbuty damskie skórzane na podeszwie nieskórzanej - za 1parę";"cena";"2016";177,17;"zł";"";
2200000;"POMORSKIE";"styczeń";"podzelowanie obuwia męskiego - za 1parę";"cena";"2016";52,23;"zł";"";
2200000;"POMORSKIE";"styczeń";"bateria zlewozmywakowa";"cena";"2016";135,43;"zł";"";
2200000;"POMORSKIE";"styczeń";"zimna woda z miejskiej sieci wodociągowej - za 1m3";"cena";"2016";3,28;"zł";"";
2200000;"POMORSKIE";"styczeń";"centralne ogrzewanie lokali mieszkalnych - za 1 m2 p u";"cena";"2016";3,88;"zł";"";
2200000;"POMORSKIE";"styczeń";"węgiel kamienny - za 1t";"cena";"2016";773,86;"zł";"";
2200000;"POMORSKIE";"styczeń";"ciepła woda - za 1m3";"cena";"2016";22,11;"zł";"";
2200000;"POMORSKIE";"styczeń";"firanka syntetyczna, szer. 300 cm - za 1 m";"cena";"2016";30,60;"zł";"";
2200000;"POMORSKIE";"styczeń";"ręcznik frotté z tkaniny bawełnianej, wym. 50x100 cm";"cena";"2016";18,68;"zł";"";
2200000;"POMORSKIE";"styczeń";"mikser elektryczny";"cena";"2016";140,00;"zł";"";
2200000;"POMORSKIE";"styczeń";"kuchnia mikrofalowa, poj. 16-20 l";"cena";"2016";309,00;"zł";"";
2200000;"POMORSKIE";"styczeń";"talerz głęboki porcelanowy o średnicy 22-24 cm, dekorowany";"cena";"2016";15,43;"zł";"";
2200000;"POMORSKIE";"styczeń";"proszek do prania - za 300g";"cena";"2016";5,66;"zł";"";
2200000;"POMORSKIE";"styczeń";"wizyta u lekarza specjalisty";"cena";"2016";88,08;"zł";"";
2200000;"POMORSKIE";"styczeń";"benzyna silnikowa bezołowiowa, 95-oktanowa - za 1l";"cena";"2016";4,07;"zł";"";
2200000;"POMORSKIE";"styczeń";"olej napędowy - za 1l";"cena";"2016";3,85;"zł";"";
2200000;"POMORSKIE";"styczeń";"bilet normalny na przejazd autobusem miejskim, jednorazowy";"cena";"2016";2,63;"zł";"";
2200000;"POMORSKIE";"styczeń";"przejazd taksówką osobową, taryfa dzienna - za 5km";"cena";"2016";16,51;"zł";"";
2200000;"POMORSKIE";"styczeń";"odtwarzacz osobisty MP3 z radiem";"cena";"2016";144,25;"zł";"";
2200000;"POMORSKIE";"styczeń";"bilet do kina";"cena";"2016";20,73;"zł";"";
2200000;"POMORSKIE";"styczeń";"gazeta regionalna";"cena";"2016";2,27;"zł";"";
2200000;"POMORSKIE";"styczeń";"strzyżenie włosów męskich";"cena";"2016";18,92;"zł";"";
2200000;"POMORSKIE";"styczeń";"mydło toaletowe - za 100g";"cena";"2016";1,91;"zł";"";
2200000;"POMORSKIE";"styczeń";"pasta do zębów - za 100 ml";"cena";"2016";7,84;"zł";"";
2200000;"POMORSKIE";"styczeń";"wywóz śmieci segregowanych w budynkach wielorodzinnych - opłata od osoby";"cena";"2016";11,24;"zł";"";
2200000;"POMORSKIE";"styczeń";"wywóz śmieci niesegregowanych w budynkach wielorodzinnych -opłata od osoby";"cena";"2016";17,58;"zł";"";
2200000;"POMORSKIE";"luty";"ryż - za 1kg";"cena";"2016";3,80;"zł";"";
2200000;"POMORSKIE";"luty";"bułka pszenna - za 50g";"cena";"2016";0,41;"zł";"";
2200000;"POMORSKIE";"luty";"chleb pszenno-żytni - za 0,5kg";"cena";"2016";2,03;"zł";"";
2200000;"POMORSKIE";"luty";"mąka pszenna - za 1kg";"cena";"2016";2,65;"zł";"";
2200000;"POMORSKIE";"luty";"kasza jęczmienna - za 0,5kg";"cena";"2016";2,27;"zł";"";
2200000;"POMORSKIE";"luty";"mięso wołowe z kością (rostbef) - za 1kg";"cena";"2016";25,56;"zł";"";
2200000;"POMORSKIE";"luty";"mięso wołowe bez kości (z udźca) - za 1 kg";"cena";"2016";38,23;"zł";"";
2200000;"POMORSKIE";"luty";"mięso wieprzowe z kością (schab środkowy) - za 1kg";"cena";"2016";13,92;"zł";"";
2200000;"POMORSKIE";"luty";"kurczęta patroszone - za 1kg";"cena";"2016";6,51;"zł";"";
2200000;"POMORSKIE";"luty";"szynka wieprzowa gotowana - za 1kg";"cena";"2016";27,67;"zł";"";
2200000;"POMORSKIE";"luty";"kiełbasa suszona - za 1kg";"cena";"2016";29,44;"zł";"";
2200000;"POMORSKIE";"luty";"kiełbasa wędzona - za 1kg";"cena";"2016";15,61;"zł";"";
2200000;"POMORSKIE";"luty";"kiełbasa wędzona (2) - za 1kg";"cena";"2016";19,36;"zł";"";
2200000;"POMORSKIE";"luty";"filety z morszczuka mrożone - za 1kg";"cena";"2016";22,64;"zł";"";
2200000;"POMORSKIE";"luty";"karp świeży - za 1kg";"cena";"2016";15,18;"zł";"";
2200000;"POMORSKIE";"luty";"mleko krowie spożywcze o zawartości tłuszczu 3-3,5%, sterylizowane - za 1l";"cena";"2016";2,41;"zł";"";
2200000;"POMORSKIE";"luty";"mleko krowie spożywcze o zawartości tłuszczu 2-2,5% - za 1l";"cena";"2016";2,10;"zł";"";
2200000;"POMORSKIE";"luty";"ser twarogowy półtłusty - za 1kg";"cena";"2016";12,74;"zł";"";
2200000;"POMORSKIE";"luty";"ser dojrzewający - za 1kg";"cena";"2016";17,45;"zł";"";
2200000;"POMORSKIE";"luty";"śmietana o zawartości tłuszczu 18% - za 200 g";"cena";"2016";1,63;"zł";"";
2200000;"POMORSKIE";"luty";"jaja kurze świeże - za 1szt";"cena";"2016";0,51;"zł";"";
2200000;"POMORSKIE";"luty";"masło świeże o zawartości tłuszczu ok. 82,5% - za 200 g";"cena";"2016";4,01;"zł";"";
2200000;"POMORSKIE";"luty";"margaryna - za 400 g";"cena";"2016";3,95;"zł";"";
2200000;"POMORSKIE";"luty";"olej rzepakowy produkcji krajowej - za 1l";"cena";"2016";5,54;"zł";"";
2200000;"POMORSKIE";"luty";"jabłka - za 1kg";"cena";"2016";2,88;"zł";"";
2200000;"POMORSKIE";"luty";"pomarańcze - za 1kg";"cena";"2016";5,24;"zł";"";
2200000;"POMORSKIE";"luty";"cytryny - za 1 kg";"cena";"2016";7,30;"zł";"";
2200000;"POMORSKIE";"luty";"marchew - za 1 kg";"cena";"2016";2,60;"zł";"";
2200000;"POMORSKIE";"luty";"cebula - za 1 kg";"cena";"2016";2,58;"zł";"";
2200000;"POMORSKIE";"luty";"ziemniaki - za 1 kg";"cena";"2016";1,30;"zł";"";
2200000;"POMORSKIE";"luty";"cukier biały kryształ - za 1kg";"cena";"2016";2,56;"zł";"";
2200000;"POMORSKIE";"luty";"czekolada mleczna - za 100g";"cena";"2016";3,67;"zł";"";
2200000;"POMORSKIE";"luty";"kawa naturalna mielona - za 250g";"cena";"2016";6,88;"zł";"";
2200000;"POMORSKIE";"luty";"herbata czarna, liściasta - za 100g";"cena";"2016";3,56;"zł";"";
2200000;"POMORSKIE";"luty";"sok jabłkowy - za 1l";"cena";"2016";3,63;"zł";"";
2200000;"POMORSKIE";"luty";"piwo jasne pełne, butelkowane - za 0,5l";"cena";"2016";2,83;"zł";"";
2200000;"POMORSKIE";"luty";"papierosy - za 20szt.";"cena";"2016";13,15;"zł";"";
2200000;"POMORSKIE";"luty";"garnitur męski 2-częściowy, z tkaniny z udziałem wełny - za 1 kpl";"cena";"2016";550,83;"zł";"";
2200000;"POMORSKIE";"luty";"koszula męska z elanobawełny, długi rękaw";"cena";"2016";107,37;"zł";"";
2200000;"POMORSKIE";"luty";"podkoszulek męski bawełniany, krótki rękaw";"cena";"2016";29,29;"zł";"";
2200000;"POMORSKIE";"luty";"rajstopy damskie gładkie, 15 den";"cena";"2016";7,25;"zł";"";
2200000;"POMORSKIE";"luty";"spodnie (6-11 lat) z tkaniny typu jeans";"cena";"2016";70,10;"zł";"";
2200000;"POMORSKIE";"luty";"oczyszczenie chemiczne garnituru męskiego 2-częściowego - za 1kpl";"cena";"2016";36,60;"zł";"";
2200000;"POMORSKIE";"luty";"półbuty męskie skórzane na podeszwie nieskórzanej - za 1parę";"cena";"2016";190,23;"zł";"";
2200000;"POMORSKIE";"luty";"półbuty damskie skórzane na podeszwie nieskórzanej - za 1parę";"cena";"2016";171,85;"zł";"";
2200000;"POMORSKIE";"luty";"podzelowanie obuwia męskiego - za 1parę";"cena";"2016";52,23;"zł";"";
2200000;"POMORSKIE";"luty";"bateria zlewozmywakowa";"cena";"2016";135,52;"zł";"";
2200000;"POMORSKIE";"luty";"zimna woda z miejskiej sieci wodociągowej - za 1m3";"cena";"2016";3,28;"zł";"";
2200000;"POMORSKIE";"luty";"centralne ogrzewanie lokali mieszkalnych - za 1 m2 p u";"cena";"2016";3,88;"zł";"";
2200000;"POMORSKIE";"luty";"węgiel kamienny - za 1t";"cena";"2016";771,78;"zł";"";
2200000;"POMORSKIE";"luty";"ciepła woda - za 1m3";"cena";"2016";22,11;"zł";"";
2200000;"POMORSKIE";"luty";"firanka syntetyczna, szer. 300 cm - za 1 m";"cena";"2016";30,82;"zł";"";
2200000;"POMORSKIE";"luty";"ręcznik frotté z tkaniny bawełnianej, wym. 50x100 cm";"cena";"2016";19,24;"zł";"";
2200000;"POMORSKIE";"luty";"mikser elektryczny";"cena";"2016";141,41;"zł";"";
2200000;"POMORSKIE";"luty";"kuchnia mikrofalowa, poj. 16-20 l";"cena";"2016";306,50;"zł";"";
2200000;"POMORSKIE";"luty";"talerz głęboki porcelanowy o średnicy 22-24 cm, dekorowany";"cena";"2016";15,43;"zł";"";
2200000;"POMORSKIE";"luty";"proszek do prania - za 300g";"cena";"2016";5,57;"zł";"";
2200000;"POMORSKIE";"luty";"wizyta u lekarza specjalisty";"cena";"2016";88,08;"zł";"";
2200000;"POMORSKIE";"luty";"benzyna silnikowa bezołowiowa, 95-oktanowa - za 1l";"cena";"2016";3,98;"zł";"";
2200000;"POMORSKIE";"luty";"olej napędowy - za 1l";"cena";"2016";3,65;"zł";"";
2200000;"POMORSKIE";"luty";"bilet normalny na przejazd autobusem miejskim, jednorazowy";"cena";"2016";2,63;"zł";"";
2200000;"POMORSKIE";"luty";"przejazd taksówką osobową, taryfa dzienna - za 5km";"cena";"2016";16,51;"zł";"";
2200000;"POMORSKIE";"luty";"odtwarzacz osobisty MP3 z radiem";"cena";"2016";144,25;"zł";"";
2200000;"POMORSKIE";"luty";"bilet do kina";"cena";"2016";20,82;"zł";"";
2200000;"POMORSKIE";"luty";"gazeta regionalna";"cena";"2016";2,27;"zł";"";
2200000;"POMORSKIE";"luty";"strzyżenie włosów męskich";"cena";"2016";18,77;"zł";"";
2200000;"POMORSKIE";"luty";"mydło toaletowe - za 100g";"cena";"2016";1,91;"zł";"";
2200000;"POMORSKIE";"luty";"pasta do zębów - za 100 ml";"cena";"2016";7,46;"zł";"";
2200000;"POMORSKIE";"luty";"wywóz śmieci segregowanych w budynkach wielorodzinnych - opłata od osoby";"cena";"2016";11,24;"zł";"";
2200000;"POMORSKIE";"luty";"wywóz śmieci niesegregowanych w budynkach wielorodzinnych -opłata od osoby";"cena";"2016";17,58;"zł";"";
2200000;"POMORSKIE";"marzec";"ryż - za 1kg";"cena";"2016";3,79;"zł";"";
2200000;"POMORSKIE";"marzec";"bułka pszenna - za 50g";"cena";"2016";0,41;"zł";"";
2200000;"POMORSKIE";"marzec";"chleb pszenno-żytni - za 0,5kg";"cena";"2016";2,05;"zł";"";
2200000;"POMORSKIE";"marzec";"mąka pszenna - za 1kg";"cena";"2016";2,61;"zł";"";
2200000;"POMORSKIE";"marzec";"kasza jęczmienna - za 0,5kg";"cena";"2016";2,28;"zł";"";
2200000;"POMORSKIE";"marzec";"mięso wołowe z kością (rostbef) - za 1kg";"cena";"2016";25,84;"zł";"";
2200000;"POMORSKIE";"marzec";"mięso wołowe bez kości (z udźca) - za 1 kg";"cena";"2016";37,85;"zł";"";
2200000;"POMORSKIE";"marzec";"mięso wieprzowe z kością (schab środkowy) - za 1kg";"cena";"2016";14,11;"zł";"";
2200000;"POMORSKIE";"marzec";"kurczęta patroszone - za 1kg";"cena";"2016";6,82;"zł";"";
2200000;"POMORSKIE";"marzec";"szynka wieprzowa gotowana - za 1kg";"cena";"2016";27,67;"zł";"";
2200000;"POMORSKIE";"marzec";"kiełbasa suszona - za 1kg";"cena";"2016";29,44;"zł";"";
2200000;"POMORSKIE";"marzec";"kiełbasa wędzona - za 1kg";"cena";"2016";15,45;"zł";"";
2200000;"POMORSKIE";"marzec";"kiełbasa wędzona (2) - za 1kg";"cena";"2016";19,32;"zł";"";
2200000;"POMORSKIE";"marzec";"filety z morszczuka mrożone - za 1kg";"cena";"2016";22,79;"zł";"";
2200000;"POMORSKIE";"marzec";"karp świeży - za 1kg";"cena";"2016";15,33;"zł";"";
2200000;"POMORSKIE";"marzec";"mleko krowie spożywcze o zawartości tłuszczu 3-3,5%, sterylizowane - za 1l";"cena";"2016";2,44;"zł";"";
2200000;"POMORSKIE";"marzec";"mleko krowie spożywcze o zawartości tłuszczu 2-2,5% - za 1l";"cena";"2016";2,11;"zł";"";
2200000;"POMORSKIE";"marzec";"ser twarogowy półtłusty - za 1kg";"cena";"2016";13,50;"zł";"";
2200000;"POMORSKIE";"marzec";"ser dojrzewający - za 1kg";"cena";"2016";17,58;"zł";"";
2200000;"POMORSKIE";"marzec";"śmietana o zawartości tłuszczu 18% - za 200 g";"cena";"2016";1,58;"zł";"";
2200000;"POMORSKIE";"marzec";"jaja kurze świeże - za 1szt";"cena";"2016";0,50;"zł";"";
2200000;"POMORSKIE";"marzec";"masło świeże o zawartości tłuszczu ok. 82,5% - za 200 g";"cena";"2016";3,94;"zł";"";
2200000;"POMORSKIE";"marzec";"margaryna - za 400 g";"cena";"2016";4,04;"zł";"";
2200000;"POMORSKIE";"marzec";"olej rzepakowy produkcji krajowej - za 1l";"cena";"2016";5,56;"zł";"";
2200000;"POMORSKIE";"marzec";"jabłka - za 1kg";"cena";"2016";2,82;"zł";"";
2200000;"POMORSKIE";"marzec";"pomarańcze - za 1kg";"cena";"2016";4,85;"zł";"";
2200000;"POMORSKIE";"marzec";"cytryny - za 1 kg";"cena";"2016";7,73;"zł";"";
2200000;"POMORSKIE";"marzec";"marchew - za 1 kg";"cena";"2016";2,52;"zł";"";
2200000;"POMORSKIE";"marzec";"cebula - za 1 kg";"cena";"2016";2,64;"zł";"";
2200000;"POMORSKIE";"marzec";"ziemniaki - za 1 kg";"cena";"2016";1,28;"zł";"";
2200000;"POMORSKIE";"marzec";"cukier biały kryształ - za 1kg";"cena";"2016";2,69;"zł";"";
2200000;"POMORSKIE";"marzec";"czekolada mleczna - za 100g";"cena";"2016";3,68;"zł";"";
2200000;"POMORSKIE";"marzec";"kawa naturalna mielona - za 250g";"cena";"2016";6,83;"zł";"";
2200000;"POMORSKIE";"marzec";"herbata czarna, liściasta - za 100g";"cena";"2016";3,54;"zł";"";
2200000;"POMORSKIE";"marzec";"sok jabłkowy - za 1l";"cena";"2016";3,50;"zł";"";
2200000;"POMORSKIE";"marzec";"piwo jasne pełne, butelkowane - za 0,5l";"cena";"2016";2,85;"zł";"";
2200000;"POMORSKIE";"marzec";"papierosy - za 20szt.";"cena";"2016";13,22;"zł";"";
2200000;"POMORSKIE";"marzec";"garnitur męski 2-częściowy, z tkaniny z udziałem wełny - za 1 kpl";"cena";"2016";542,50;"zł";"";
2200000;"POMORSKIE";"marzec";"koszula męska z elanobawełny, długi rękaw";"cena";"2016";107,37;"zł";"";
2200000;"POMORSKIE";"marzec";"podkoszulek męski bawełniany, krótki rękaw";"cena";"2016";29,14;"zł";"";
2200000;"POMORSKIE";"marzec";"rajstopy damskie gładkie, 15 den";"cena";"2016";7,25;"zł";"";
2200000;"POMORSKIE";"marzec";"spodnie (6-11 lat) z tkaniny typu jeans";"cena";"2016";70,04;"zł";"";
2200000;"POMORSKIE";"marzec";"oczyszczenie chemiczne garnituru męskiego 2-częściowego - za 1kpl";"cena";"2016";36,60;"zł";"";
2200000;"POMORSKIE";"marzec";"półbuty męskie skórzane na podeszwie nieskórzanej - za 1parę";"cena";"2016";196,38;"zł";"";
2200000;"POMORSKIE";"marzec";"półbuty damskie skórzane na podeszwie nieskórzanej - za 1parę";"cena";"2016";176,30;"zł";"";
2200000;"POMORSKIE";"marzec";"podzelowanie obuwia męskiego - za 1parę";"cena";"2016";51,31;"zł";"";
2200000;"POMORSKIE";"marzec";"bateria zlewozmywakowa";"cena";"2016";136,20;"zł";"";
2200000;"POMORSKIE";"marzec";"zimna woda z miejskiej sieci wodociągowej - za 1m3";"cena";"2016";3,28;"zł";"";
2200000;"POMORSKIE";"marzec";"centralne ogrzewanie lokali mieszkalnych - za 1 m2 p u";"cena";"2016";3,88;"zł";"";
2200000;"POMORSKIE";"marzec";"węgiel kamienny - za 1t";"cena";"2016";767,04;"zł";"";
2200000;"POMORSKIE";"marzec";"ciepła woda - za 1m3";"cena";"2016";22,07;"zł";"";
2200000;"POMORSKIE";"marzec";"firanka syntetyczna, szer. 300 cm - za 1 m";"cena";"2016";29,67;"zł";"";
2200000;"POMORSKIE";"marzec";"ręcznik frotté z tkaniny bawełnianej, wym. 50x100 cm";"cena";"2016";19,24;"zł";"";
2200000;"POMORSKIE";"marzec";"mikser elektryczny";"cena";"2016";139,07;"zł";"";
2200000;"POMORSKIE";"marzec";"kuchnia mikrofalowa, poj. 16-20 l";"cena";"2016";314,00;"zł";"";
2200000;"POMORSKIE";"marzec";"talerz głęboki porcelanowy o średnicy 22-24 cm, dekorowany";"cena";"2016";15,48;"zł";"";
2200000;"POMORSKIE";"marzec";"proszek do prania - za 300g";"cena";"2016";5,43;"zł";"";
2200000;"POMORSKIE";"marzec";"wizyta u lekarza specjalisty";"cena";"2016";88,08;"zł";"";
2200000;"POMORSKIE";"marzec";"benzyna silnikowa bezołowiowa, 95-oktanowa - za 1l";"cena";"2016";4,03;"zł";"";
2200000;"POMORSKIE";"marzec";"olej napędowy - za 1l";"cena";"2016";3,85;"zł";"";
2200000;"POMORSKIE";"marzec";"bilet normalny na przejazd autobusem miejskim, jednorazowy";"cena";"2016";2,63;"zł";"";
2200000;"POMORSKIE";"marzec";"przejazd taksówką osobową, taryfa dzienna - za 5km";"cena";"2016";16,51;"zł";"";
2200000;"POMORSKIE";"marzec";"odtwarzacz osobisty MP3 z radiem";"cena";"2016";138,16;"zł";"";
2200000;"POMORSKIE";"marzec";"bilet do kina";"cena";"2016";20,90;"zł";"";
2200000;"POMORSKIE";"marzec";"gazeta regionalna";"cena";"2016";2,28;"zł";"";
2200000;"POMORSKIE";"marzec";"strzyżenie włosów męskich";"cena";"2016";18,77;"zł";"";
2200000;"POMORSKIE";"marzec";"mydło toaletowe - za 100g";"cena";"2016";1,91;"zł";"";
2200000;"POMORSKIE";"marzec";"pasta do zębów - za 100 ml";"cena";"2016";7,34;"zł";"";
2200000;"POMORSKIE";"marzec";"wywóz śmieci segregowanych w budynkach wielorodzinnych - opłata od osoby";"cena";"2016";11,24;"zł";"";
2200000;"POMORSKIE";"marzec";"wywóz śmieci niesegregowanych w budynkach wielorodzinnych -opłata od osoby";"cena";"2016";17,58;"zł";"";
2200000;"POMORSKIE";"kwiecień";"ryż - za 1kg";"cena";"2016";3,82;"zł";"";
2200000;"POMORSKIE";"kwiecień";"bułka pszenna - za 50g";"cena";"2016";0,41;"zł";"";
2200000;"POMORSKIE";"kwiecień";"chleb pszenno-żytni - za 0,5kg";"cena";"2016";2,06;"zł";"";
2200000;"POMORSKIE";"kwiecień";"mąka pszenna - za 1kg";"cena";"2016";2,71;"zł";"";
2200000;"POMORSKIE";"kwiecień";"kasza jęczmienna - za 0,5kg";"cena";"2016";2,28;"zł";"";
2200000;"POMORSKIE";"kwiecień";"mięso wołowe z kością (rostbef) - za 1kg";"cena";"2016";24,66;"zł";"";
2200000;"POMORSKIE";"kwiecień";"mięso wołowe bez kości (z udźca) - za 1 kg";"cena";"2016";37,30;"zł";"";
2200000;"POMORSKIE";"kwiecień";"mięso wieprzowe z kością (schab środkowy) - za 1kg";"cena";"2016";14,40;"zł";"";
2200000;"POMORSKIE";"kwiecień";"kurczęta patroszone - za 1kg";"cena";"2016";6,68;"zł";"";
2200000;"POMORSKIE";"kwiecień";"szynka wieprzowa gotowana - za 1kg";"cena";"2016";27,59;"zł";"";
2200000;"POMORSKIE";"kwiecień";"kiełbasa suszona - za 1kg";"cena";"2016";29,44;"zł";"";
2200000;"POMORSKIE";"kwiecień";"kiełbasa wędzona - za 1kg";"cena";"2016";15,64;"zł";"";
2200000;"POMORSKIE";"kwiecień";"kiełbasa wędzona (2) - za 1kg";"cena";"2016";19,32;"zł";"";
2200000;"POMORSKIE";"kwiecień";"filety z morszczuka mrożone - za 1kg";"cena";"2016";22,86;"zł";"";
2200000;"POMORSKIE";"kwiecień";"karp świeży - za 1kg";"cena";"2016";0,00;"zł";"";
2200000;"POMORSKIE";"kwiecień";"mleko krowie spożywcze o zawartości tłuszczu 3-3,5%, sterylizowane - za 1l";"cena";"2016";2,46;"zł";"";
2200000;"POMORSKIE";"kwiecień";"mleko krowie spożywcze o zawartości tłuszczu 2-2,5% - za 1l";"cena";"2016";2,07;"zł";"";
2200000;"POMORSKIE";"kwiecień";"ser twarogowy półtłusty - za 1kg";"cena";"2016";13,25;"zł";"";
2200000;"POMORSKIE";"kwiecień";"ser dojrzewający - za 1kg";"cena";"2016";17,07;"zł";"";
2200000;"POMORSKIE";"kwiecień";"śmietana o zawartości tłuszczu 18% - za 200 g";"cena";"2016";1,59;"zł";"";
2200000;"POMORSKIE";"kwiecień";"jaja kurze świeże - za 1szt";"cena";"2016";0,50;"zł";"";
2200000;"POMORSKIE";"kwiecień";"masło świeże o zawartości tłuszczu ok. 82,5% - za 200 g";"cena";"2016";3,75;"zł";"";
2200000;"POMORSKIE";"kwiecień";"margaryna - za 400 g";"cena";"2016";4,03;"zł";"";
2200000;"POMORSKIE";"kwiecień";"olej rzepakowy produkcji krajowej - za 1l";"cena";"2016";5,55;"zł";"";
2200000;"POMORSKIE";"kwiecień";"jabłka - za 1kg";"cena";"2016";2,89;"zł";"";
2200000;"POMORSKIE";"kwiecień";"pomarańcze - za 1kg";"cena";"2016";5,30;"zł";"";
2200000;"POMORSKIE";"kwiecień";"cytryny - za 1 kg";"cena";"2016";7,85;"zł";"";
2200000;"POMORSKIE";"kwiecień";"marchew - za 1 kg";"cena";"2016";2,63;"zł";"";
2200000;"POMORSKIE";"kwiecień";"cebula - za 1 kg";"cena";"2016";2,69;"zł";"";
2200000;"POMORSKIE";"kwiecień";"ziemniaki - za 1 kg";"cena";"2016";1,28;"zł";"";
2200000;"POMORSKIE";"kwiecień";"cukier biały kryształ - za 1kg";"cena";"2016";2,72;"zł";"";
2200000;"POMORSKIE";"kwiecień";"czekolada mleczna - za 100g";"cena";"2016";3,61;"zł";"";
2200000;"POMORSKIE";"kwiecień";"kawa naturalna mielona - za 250g";"cena";"2016";6,76;"zł";"";
2200000;"POMORSKIE";"kwiecień";"herbata czarna, liściasta - za 100g";"cena";"2016";3,54;"zł";"";
2200000;"POMORSKIE";"kwiecień";"sok jabłkowy - za 1l";"cena";"2016";3,40;"zł";"";
2200000;"POMORSKIE";"kwiecień";"piwo jasne pełne, butelkowane - za 0,5l";"cena";"2016";2,81;"zł";"";
2200000;"POMORSKIE";"kwiecień";"papierosy - za 20szt.";"cena";"2016";13,22;"zł";"";
2200000;"POMORSKIE";"kwiecień";"garnitur męski 2-częściowy, z tkaniny z udziałem wełny - za 1 kpl";"cena";"2016";549,17;"zł";"";
2200000;"POMORSKIE";"kwiecień";"koszula męska z elanobawełny, długi rękaw";"cena";"2016";105,06;"zł";"";
2200000;"POMORSKIE";"kwiecień";"podkoszulek męski bawełniany, krótki rękaw";"cena";"2016";29,37;"zł";"";
2200000;"POMORSKIE";"kwiecień";"rajstopy damskie gładkie, 15 den";"cena";"2016";7,25;"zł";"";
2200000;"POMORSKIE";"kwiecień";"spodnie (6-11 lat) z tkaniny typu jeans";"cena";"2016";79,26;"zł";"";
2200000;"POMORSKIE";"kwiecień";"oczyszczenie chemiczne garnituru męskiego 2-częściowego - za 1kpl";"cena";"2016";36,75;"zł";"";
2200000;"POMORSKIE";"kwiecień";"półbuty męskie skórzane na podeszwie nieskórzanej - za 1parę";"cena";"2016";190,64;"zł";"";
2200000;"POMORSKIE";"kwiecień";"półbuty damskie skórzane na podeszwie nieskórzanej - za 1parę";"cena";"2016";170,94;"zł";"";
2200000;"POMORSKIE";"kwiecień";"podzelowanie obuwia męskiego - za 1parę";"cena";"2016";51,46;"zł";"";
2200000;"POMORSKIE";"kwiecień";"bateria zlewozmywakowa";"cena";"2016";136,12;"zł";"";
2200000;"POMORSKIE";"kwiecień";"zimna woda z miejskiej sieci wodociągowej - za 1m3";"cena";"2016";3,28;"zł";"";
2200000;"POMORSKIE";"kwiecień";"centralne ogrzewanie lokali mieszkalnych - za 1 m2 p u";"cena";"2016";3,88;"zł";"";
2200000;"POMORSKIE";"kwiecień";"węgiel kamienny - za 1t";"cena";"2016";762,87;"zł";"";
2200000;"POMORSKIE";"kwiecień";"ciepła woda - za 1m3";"cena";"2016";22,29;"zł";"";
2200000;"POMORSKIE";"kwiecień";"firanka syntetyczna, szer. 300 cm - za 1 m";"cena";"2016";31,00;"zł";"";
2200000;"POMORSKIE";"kwiecień";"ręcznik frotté z tkaniny bawełnianej, wym. 50x100 cm";"cena";"2016";20,47;"zł";"";
2200000;"POMORSKIE";"kwiecień";"mikser elektryczny";"cena";"2016";138,98;"zł";"";
2200000;"POMORSKIE";"kwiecień";"kuchnia mikrofalowa, poj. 16-20 l";"cena";"2016";315,85;"zł";"";
2200000;"POMORSKIE";"kwiecień";"talerz głęboki porcelanowy o średnicy 22-24 cm, dekorowany";"cena";"2016";15,29;"zł";"";
2200000;"POMORSKIE";"kwiecień";"proszek do prania - za 300g";"cena";"2016";5,43;"zł";"";
2200000;"POMORSKIE";"kwiecień";"wizyta u lekarza specjalisty";"cena";"2016";88,08;"zł";"";
2200000;"POMORSKIE";"kwiecień";"benzyna silnikowa bezołowiowa, 95-oktanowa - za 1l";"cena";"2016";4,19;"zł";"";
2200000;"POMORSKIE";"kwiecień";"olej napędowy - za 1l";"cena";"2016";3,85;"zł";"";
2200000;"POMORSKIE";"kwiecień";"bilet normalny na przejazd autobusem miejskim, jednorazowy";"cena";"2016";2,63;"zł";"";
2200000;"POMORSKIE";"kwiecień";"przejazd taksówką osobową, taryfa dzienna - za 5km";"cena";"2016";16,51;"zł";"";
2200000;"POMORSKIE";"kwiecień";"odtwarzacz osobisty MP3 z radiem";"cena";"2016";153,62;"zł";"";
2200000;"POMORSKIE";"kwiecień";"bilet do kina";"cena";"2016";20,90;"zł";"";
2200000;"POMORSKIE";"kwiecień";"gazeta regionalna";"cena";"2016";2,28;"zł";"";
2200000;"POMORSKIE";"kwiecień";"strzyżenie włosów męskich";"cena";"2016";18,77;"zł";"";
2200000;"POMORSKIE";"kwiecień";"mydło toaletowe - za 100g";"cena";"2016";1,94;"zł";"";
2200000;"POMORSKIE";"kwiecień";"pasta do zębów - za 100 ml";"cena";"2016";8,05;"zł";"";
2200000;"POMORSKIE";"kwiecień";"wywóz śmieci segregowanych w budynkach wielorodzinnych - opłata od osoby";"cena";"2016";11,24;"zł";"";
2200000;"POMORSKIE";"kwiecień";"wywóz śmieci niesegregowanych w budynkach wielorodzinnych -opłata od osoby";"cena";"2016";17,58;"zł";"";
2200000;"POMORSKIE";"maj";"ryż - za 1kg";"cena";"2016";3,75;"zł";"";
2200000;"POMORSKIE";"maj";"bułka pszenna - za 50g";"cena";"2016";0,41;"zł";"";
2200000;"POMORSKIE";"maj";"chleb pszenno-żytni - za 0,5kg";"cena";"2016";2,06;"zł";"";
2200000;"POMORSKIE";"maj";"mąka pszenna - za 1kg";"cena";"2016";2,68;"zł";"";
2200000;"POMORSKIE";"maj";"kasza jęczmienna - za 0,5kg";"cena";"2016";2,38;"zł";"";
2200000;"POMORSKIE";"maj";"mięso wołowe z kością (rostbef) - za 1kg";"cena";"2016";25,12;"zł";"";
2200000;"POMORSKIE";"maj";"mięso wołowe bez kości (z udźca) - za 1 kg";"cena";"2016";38,39;"zł";"";
2200000;"POMORSKIE";"maj";"mięso wieprzowe z kością (schab środkowy) - za 1kg";"cena";"2016";14,50;"zł";"";
2200000;"POMORSKIE";"maj";"kurczęta patroszone - za 1kg";"cena";"2016";7,02;"zł";"";
2200000;"POMORSKIE";"maj";"szynka wieprzowa gotowana - za 1kg";"cena";"2016";27,59;"zł";"";
2200000;"POMORSKIE";"maj";"kiełbasa suszona - za 1kg";"cena";"2016";29,44;"zł";"";
2200000;"POMORSKIE";"maj";"kiełbasa wędzona - za 1kg";"cena";"2016";15,26;"zł";"";
2200000;"POMORSKIE";"maj";"kiełbasa wędzona (2) - za 1kg";"cena";"2016";19,30;"zł";"";
2200000;"POMORSKIE";"maj";"filety z morszczuka mrożone - za 1kg";"cena";"2016";22,94;"zł";"";
2200000;"POMORSKIE";"maj";"karp świeży - za 1kg";"cena";"2016";0,00;"zł";"";
2200000;"POMORSKIE";"maj";"mleko krowie spożywcze o zawartości tłuszczu 3-3,5%, sterylizowane - za 1l";"cena";"2016";2,45;"zł";"";
2200000;"POMORSKIE";"maj";"mleko krowie spożywcze o zawartości tłuszczu 2-2,5% - za 1l";"cena";"2016";2,09;"zł";"";
2200000;"POMORSKIE";"maj";"ser twarogowy półtłusty - za 1kg";"cena";"2016";12,86;"zł";"";
2200000;"POMORSKIE";"maj";"ser dojrzewający - za 1kg";"cena";"2016";15,91;"zł";"";
2200000;"POMORSKIE";"maj";"śmietana o zawartości tłuszczu 18% - za 200 g";"cena";"2016";1,57;"zł";"";
2200000;"POMORSKIE";"maj";"jaja kurze świeże - za 1szt";"cena";"2016";0,50;"zł";"";
2200000;"POMORSKIE";"maj";"masło świeże o zawartości tłuszczu ok. 82,5% - za 200 g";"cena";"2016";3,85;"zł";"";
2200000;"POMORSKIE";"maj";"margaryna - za 400 g";"cena";"2016";3,96;"zł";"";
2200000;"POMORSKIE";"maj";"olej rzepakowy produkcji krajowej - za 1l";"cena";"2016";5,66;"zł";"";
2200000;"POMORSKIE";"maj";"jabłka - za 1kg";"cena";"2016";2,89;"zł";"";
2200000;"POMORSKIE";"maj";"pomarańcze - za 1kg";"cena";"2016";5,45;"zł";"";
2200000;"POMORSKIE";"maj";"cytryny - za 1 kg";"cena";"2016";10,92;"zł";"";
2200000;"POMORSKIE";"maj";"marchew - za 1 kg";"cena";"2016";2,77;"zł";"";
2200000;"POMORSKIE";"maj";"cebula - za 1 kg";"cena";"2016";2,75;"zł";"";
2200000;"POMORSKIE";"maj";"ziemniaki - za 1 kg";"cena";"2016";1,50;"zł";"";
2200000;"POMORSKIE";"maj";"cukier biały kryształ - za 1kg";"cena";"2016";2,75;"zł";"";
2200000;"POMORSKIE";"maj";"czekolada mleczna - za 100g";"cena";"2016";3,63;"zł";"";
2200000;"POMORSKIE";"maj";"kawa naturalna mielona - za 250g";"cena";"2016";6,76;"zł";"";
2200000;"POMORSKIE";"maj";"herbata czarna, liściasta - za 100g";"cena";"2016";3,58;"zł";"";
2200000;"POMORSKIE";"maj";"sok jabłkowy - za 1l";"cena";"2016";3,39;"zł";"";
2200000;"POMORSKIE";"maj";"piwo jasne pełne, butelkowane - za 0,5l";"cena";"2016";2,75;"zł";"";
2200000;"POMORSKIE";"maj";"papierosy - za 20szt.";"cena";"2016";13,51;"zł";"";
2200000;"POMORSKIE";"maj";"garnitur męski 2-częściowy, z tkaniny z udziałem wełny - za 1 kpl";"cena";"2016";549,17;"zł";"";
2200000;"POMORSKIE";"maj";"koszula męska z elanobawełny, długi rękaw";"cena";"2016";105,06;"zł";"";
2200000;"POMORSKIE";"maj";"podkoszulek męski bawełniany, krótki rękaw";"cena";"2016";29,37;"zł";"";
2200000;"POMORSKIE";"maj";"rajstopy damskie gładkie, 15 den";"cena";"2016";7,25;"zł";"";
2200000;"POMORSKIE";"maj";"spodnie (6-11 lat) z tkaniny typu jeans";"cena";"2016";76,74;"zł";"";
2200000;"POMORSKIE";"maj";"oczyszczenie chemiczne garnituru męskiego 2-częściowego - za 1kpl";"cena";"2016";36,90;"zł";"";
2200000;"POMORSKIE";"maj";"półbuty męskie skórzane na podeszwie nieskórzanej - za 1parę";"cena";"2016";190,87;"zł";"";
2200000;"POMORSKIE";"maj";"półbuty damskie skórzane na podeszwie nieskórzanej - za 1parę";"cena";"2016";168,40;"zł";"";
2200000;"POMORSKIE";"maj";"podzelowanie obuwia męskiego - za 1parę";"cena";"2016";51,46;"zł";"";
2200000;"POMORSKIE";"maj";"bateria zlewozmywakowa";"cena";"2016";140,10;"zł";"";
2200000;"POMORSKIE";"maj";"zimna woda z miejskiej sieci wodociągowej - za 1m3";"cena";"2016";3,28;"zł";"";
2200000;"POMORSKIE";"maj";"centralne ogrzewanie lokali mieszkalnych - za 1 m2 p u";"cena";"2016";0,00;"zł";"";
2200000;"POMORSKIE";"maj";"węgiel kamienny - za 1t";"cena";"2016";758,46;"zł";"";
2200000;"POMORSKIE";"maj";"ciepła woda - za 1m3";"cena";"2016";22,43;"zł";"";
2200000;"POMORSKIE";"maj";"firanka syntetyczna, szer. 300 cm - za 1 m";"cena";"2016";31,36;"zł";"";
2200000;"POMORSKIE";"maj";"ręcznik frotté z tkaniny bawełnianej, wym. 50x100 cm";"cena";"2016";20,55;"zł";"";
2200000;"POMORSKIE";"maj";"mikser elektryczny";"cena";"2016";139,82;"zł";"";
2200000;"POMORSKIE";"maj";"kuchnia mikrofalowa, poj. 16-20 l";"cena";"2016";317,74;"zł";"";
2200000;"POMORSKIE";"maj";"talerz głęboki porcelanowy o średnicy 22-24 cm, dekorowany";"cena";"2016";15,29;"zł";"";
2200000;"POMORSKIE";"maj";"proszek do prania - za 300g";"cena";"2016";5,43;"zł";"";
2200000;"POMORSKIE";"maj";"wizyta u lekarza specjalisty";"cena";"2016";88,46;"zł";"";
2200000;"POMORSKIE";"maj";"benzyna silnikowa bezołowiowa, 95-oktanowa - za 1l";"cena";"2016";4,41;"zł";"";
2200000;"POMORSKIE";"maj";"olej napędowy - za 1l";"cena";"2016";4,05;"zł";"";
2200000;"POMORSKIE";"maj";"bilet normalny na przejazd autobusem miejskim, jednorazowy";"cena";"2016";2,63;"zł";"";
2200000;"POMORSKIE";"maj";"przejazd taksówką osobową, taryfa dzienna - za 5km";"cena";"2016";16,51;"zł";"";
2200000;"POMORSKIE";"maj";"odtwarzacz osobisty MP3 z radiem";"cena";"2016";153,62;"zł";"";
2200000;"POMORSKIE";"maj";"bilet do kina";"cena";"2016";20,90;"zł";"";
2200000;"POMORSKIE";"maj";"gazeta regionalna";"cena";"2016";2,28;"zł";"";
2200000;"POMORSKIE";"maj";"strzyżenie włosów męskich";"cena";"2016";19,40;"zł";"";
2200000;"POMORSKIE";"maj";"mydło toaletowe - za 100g";"cena";"2016";1,94;"zł";"";
2200000;"POMORSKIE";"maj";"pasta do zębów - za 100 ml";"cena";"2016";8,12;"zł";"";
2200000;"POMORSKIE";"maj";"wywóz śmieci segregowanych w budynkach wielorodzinnych - opłata od osoby";"cena";"2016";11,24;"zł";"";
2200000;"POMORSKIE";"maj";"wywóz śmieci niesegregowanych w budynkach wielorodzinnych -opłata od osoby";"cena";"2016";17,58;"zł";"";
2200000;"POMORSKIE";"czerwiec";"ryż - za 1kg";"cena";"2016";3,73;"zł";"";
2200000;"POMORSKIE";"czerwiec";"bułka pszenna - za 50g";"cena";"2016";0,41;"zł";"";
2200000;"POMORSKIE";"czerwiec";"chleb pszenno-żytni - za 0,5kg";"cena";"2016";2,06;"zł";"";
2200000;"POMORSKIE";"czerwiec";"mąka pszenna - za 1kg";"cena";"2016";2,68;"zł";"";
2200000;"POMORSKIE";"czerwiec";"kasza jęczmienna - za 0,5kg";"cena";"2016";2,38;"zł";"";
2200000;"POMORSKIE";"czerwiec";"mięso wołowe z kością (rostbef) - za 1kg";"cena";"2016";25,13;"zł";"";
2200000;"POMORSKIE";"czerwiec";"mięso wołowe bez kości (z udźca) - za 1 kg";"cena";"2016";38,43;"zł";"";
2200000;"POMORSKIE";"czerwiec";"mięso wieprzowe z kością (schab środkowy) - za 1kg";"cena";"2016";14,65;"zł";"";
2200000;"POMORSKIE";"czerwiec";"kurczęta patroszone - za 1kg";"cena";"2016";6,81;"zł";"";
2200000;"POMORSKIE";"czerwiec";"szynka wieprzowa gotowana - za 1kg";"cena";"2016";27,67;"zł";"";
2200000;"POMORSKIE";"czerwiec";"kiełbasa suszona - za 1kg";"cena";"2016";29,97;"zł";"";
2200000;"POMORSKIE";"czerwiec";"kiełbasa wędzona - za 1kg";"cena";"2016";15,32;"zł";"";
2200000;"POMORSKIE";"czerwiec";"kiełbasa wędzona (2) - za 1kg";"cena";"2016";19,30;"zł";"";
2200000;"POMORSKIE";"czerwiec";"filety z morszczuka mrożone - za 1kg";"cena";"2016";22,67;"zł";"";
2200000;"POMORSKIE";"czerwiec";"karp świeży - za 1kg";"cena";"2016";0,00;"zł";"";
2200000;"POMORSKIE";"czerwiec";"mleko krowie spożywcze o zawartości tłuszczu 3-3,5%, sterylizowane - za 1l";"cena";"2016";2,32;"zł";"";
2200000;"POMORSKIE";"czerwiec";"mleko krowie spożywcze o zawartości tłuszczu 2-2,5% - za 1l";"cena";"2016";2,13;"zł";"";
2200000;"POMORSKIE";"czerwiec";"ser twarogowy półtłusty - za 1kg";"cena";"2016";13,48;"zł";"";
2200000;"POMORSKIE";"czerwiec";"ser dojrzewający - za 1kg";"cena";"2016";16,07;"zł";"";
2200000;"POMORSKIE";"czerwiec";"śmietana o zawartości tłuszczu 18% - za 200 g";"cena";"2016";1,63;"zł";"";
2200000;"POMORSKIE";"czerwiec";"jaja kurze świeże - za 1szt";"cena";"2016";0,52;"zł";"";
2200000;"POMORSKIE";"czerwiec";"masło świeże o zawartości tłuszczu ok. 82,5% - za 200 g";"cena";"2016";3,81;"zł";"";
2200000;"POMORSKIE";"czerwiec";"margaryna - za 400 g";"cena";"2016";3,89;"zł";"";
2200000;"POMORSKIE";"czerwiec";"olej rzepakowy produkcji krajowej - za 1l";"cena";"2016";5,52;"zł";"";
2200000;"POMORSKIE";"czerwiec";"jabłka - za 1kg";"cena";"2016";2,85;"zł";"";
2200000;"POMORSKIE";"czerwiec";"pomarańcze - za 1kg";"cena";"2016";5,95;"zł";"";
2200000;"POMORSKIE";"czerwiec";"cytryny - za 1 kg";"cena";"2016";12,85;"zł";"";
2200000;"POMORSKIE";"czerwiec";"marchew - za 1 kg";"cena";"2016";3,00;"zł";"";
2200000;"POMORSKIE";"czerwiec";"cebula - za 1 kg";"cena";"2016";3,14;"zł";"";
2200000;"POMORSKIE";"czerwiec";"ziemniaki - za 1 kg";"cena";"2016";2,44;"zł";"";
2200000;"POMORSKIE";"czerwiec";"cukier biały kryształ - za 1kg";"cena";"2016";2,76;"zł";"";
2200000;"POMORSKIE";"czerwiec";"czekolada mleczna - za 100g";"cena";"2016";3,35;"zł";"";
2200000;"POMORSKIE";"czerwiec";"kawa naturalna mielona - za 250g";"cena";"2016";6,67;"zł";"";
2200000;"POMORSKIE";"czerwiec";"herbata czarna, liściasta - za 100g";"cena";"2016";3,46;"zł";"";
2200000;"POMORSKIE";"czerwiec";"sok jabłkowy - za 1l";"cena";"2016";3,45;"zł";"";
2200000;"POMORSKIE";"czerwiec";"piwo jasne pełne, butelkowane - za 0,5l";"cena";"2016";2,81;"zł";"";
2200000;"POMORSKIE";"czerwiec";"papierosy - za 20szt.";"cena";"2016";13,59;"zł";"";
2200000;"POMORSKIE";"czerwiec";"garnitur męski 2-częściowy, z tkaniny z udziałem wełny - za 1 kpl";"cena";"2016";549,17;"zł";"";
2200000;"POMORSKIE";"czerwiec";"koszula męska z elanobawełny, długi rękaw";"cena";"2016";103,60;"zł";"";
2200000;"POMORSKIE";"czerwiec";"podkoszulek męski bawełniany, krótki rękaw";"cena";"2016";29,52;"zł";"";
2200000;"POMORSKIE";"czerwiec";"rajstopy damskie gładkie, 15 den";"cena";"2016";7,25;"zł";"";
2200000;"POMORSKIE";"czerwiec";"spodnie (6-11 lat) z tkaniny typu jeans";"cena";"2016";69,30;"zł";"";
2200000;"POMORSKIE";"czerwiec";"oczyszczenie chemiczne garnituru męskiego 2-częściowego - za 1kpl";"cena";"2016";36,90;"zł";"";
2200000;"POMORSKIE";"czerwiec";"półbuty męskie skórzane na podeszwie nieskórzanej - za 1parę";"cena";"2016";190,10;"zł";"";
2200000;"POMORSKIE";"czerwiec";"półbuty damskie skórzane na podeszwie nieskórzanej - za 1parę";"cena";"2016";166,86;"zł";"";
2200000;"POMORSKIE";"czerwiec";"podzelowanie obuwia męskiego - za 1parę";"cena";"2016";51,46;"zł";"";
2200000;"POMORSKIE";"czerwiec";"bateria zlewozmywakowa";"cena";"2016";140,58;"zł";"";
2200000;"POMORSKIE";"czerwiec";"zimna woda z miejskiej sieci wodociągowej - za 1m3";"cena";"2016";3,28;"zł";"";
2200000;"POMORSKIE";"czerwiec";"centralne ogrzewanie lokali mieszkalnych - za 1 m2 p u";"cena";"2016";0,00;"zł";"";
2200000;"POMORSKIE";"czerwiec";"węgiel kamienny - za 1t";"cena";"2016";752,62;"zł";"";
2200000;"POMORSKIE";"czerwiec";"ciepła woda - za 1m3";"cena";"2016";22,27;"zł";"";
2200000;"POMORSKIE";"czerwiec";"firanka syntetyczna, szer. 300 cm - za 1 m";"cena";"2016";31,36;"zł";"";
2200000;"POMORSKIE";"czerwiec";"ręcznik frotté z tkaniny bawełnianej, wym. 50x100 cm";"cena";"2016";20,71;"zł";"";
2200000;"POMORSKIE";"czerwiec";"mikser elektryczny";"cena";"2016";143,38;"zł";"";
2200000;"POMORSKIE";"czerwiec";"kuchnia mikrofalowa, poj. 16-20 l";"cena";"2016";309,00;"zł";"";
2200000;"POMORSKIE";"czerwiec";"talerz głęboki porcelanowy o średnicy 22-24 cm, dekorowany";"cena";"2016";15,08;"zł";"";
2200000;"POMORSKIE";"czerwiec";"proszek do prania - za 300g";"cena";"2016";5,31;"zł";"";
2200000;"POMORSKIE";"czerwiec";"wizyta u lekarza specjalisty";"cena";"2016";90,00;"zł";"";
2200000;"POMORSKIE";"czerwiec";"benzyna silnikowa bezołowiowa, 95-oktanowa - za 1l";"cena";"2016";4,53;"zł";"";
2200000;"POMORSKIE";"czerwiec";"olej napędowy - za 1l";"cena";"2016";4,24;"zł";"";
2200000;"POMORSKIE";"czerwiec";"bilet normalny na przejazd autobusem miejskim, jednorazowy";"cena";"2016";2,63;"zł";"";
2200000;"POMORSKIE";"czerwiec";"przejazd taksówką osobową, taryfa dzienna - za 5km";"cena";"2016";16,51;"zł";"";
2200000;"POMORSKIE";"czerwiec";"odtwarzacz osobisty MP3 z radiem";"cena";"2016";156,25;"zł";"";
2200000;"POMORSKIE";"czerwiec";"bilet do kina";"cena";"2016";20,90;"zł";"";
2200000;"POMORSKIE";"czerwiec";"gazeta regionalna";"cena";"2016";2,31;"zł";"";
2200000;"POMORSKIE";"czerwiec";"strzyżenie włosów męskich";"cena";"2016";19,40;"zł";"";
2200000;"POMORSKIE";"czerwiec";"mydło toaletowe - za 100g";"cena";"2016";1,84;"zł";"";
2200000;"POMORSKIE";"czerwiec";"pasta do zębów - za 100 ml";"cena";"2016";7,81;"zł";"";
2200000;"POMORSKIE";"czerwiec";"wywóz śmieci segregowanych w budynkach wielorodzinnych - opłata od osoby";"cena";"2016";11,24;"zł";"";
2200000;"POMORSKIE";"czerwiec";"wywóz śmieci niesegregowanych w budynkach wielorodzinnych -opłata od osoby";"cena";"2016";17,58;"zł";"";
2200000;"POMORSKIE";"lipiec";"ryż - za 1kg";"cena";"2016";3,74;"zł";"";
2200000;"POMORSKIE";"lipiec";"bułka pszenna - za 50g";"cena";"2016";0,41;"zł";"";
2200000;"POMORSKIE";"lipiec";"chleb pszenno-żytni - za 0,5kg";"cena";"2016";2,07;"zł";"";
2200000;"POMORSKIE";"lipiec";"mąka pszenna - za 1kg";"cena";"2016";2,74;"zł";"";
2200000;"POMORSKIE";"lipiec";"kasza jęczmienna - za 0,5kg";"cena";"2016";2,37;"zł";"";
2200000;"POMORSKIE";"lipiec";"mięso wołowe z kością (rostbef) - za 1kg";"cena";"2016";24,87;"zł";"";
2200000;"POMORSKIE";"lipiec";"mięso wołowe bez kości (z udźca) - za 1 kg";"cena";"2016";38,20;"zł";"";
2200000;"POMORSKIE";"lipiec";"mięso wieprzowe z kością (schab środkowy) - za 1kg";"cena";"2016";14,93;"zł";"";
2200000;"POMORSKIE";"lipiec";"kurczęta patroszone - za 1kg";"cena";"2016";7,11;"zł";"";
2200000;"POMORSKIE";"lipiec";"szynka wieprzowa gotowana - za 1kg";"cena";"2016";28,10;"zł";"";
2200000;"POMORSKIE";"lipiec";"kiełbasa suszona - za 1kg";"cena";"2016";30,20;"zł";"";
2200000;"POMORSKIE";"lipiec";"kiełbasa wędzona - za 1kg";"cena";"2016";15,56;"zł";"";
2200000;"POMORSKIE";"lipiec";"kiełbasa wędzona (2) - za 1kg";"cena";"2016";19,50;"zł";"";
2200000;"POMORSKIE";"lipiec";"filety z morszczuka mrożone - za 1kg";"cena";"2016";22,36;"zł";"";
2200000;"POMORSKIE";"lipiec";"karp świeży - za 1kg";"cena";"2016";0,00;"zł";"";
2200000;"POMORSKIE";"lipiec";"mleko krowie spożywcze o zawartości tłuszczu 3-3,5%, sterylizowane - za 1l";"cena";"2016";2,41;"zł";"";
2200000;"POMORSKIE";"lipiec";"mleko krowie spożywcze o zawartości tłuszczu 2-2,5% - za 1l";"cena";"2016";2,13;"zł";"";
2200000;"POMORSKIE";"lipiec";"ser twarogowy półtłusty - za 1kg";"cena";"2016";13,44;"zł";"";
2200000;"POMORSKIE";"lipiec";"ser dojrzewający - za 1kg";"cena";"2016";17,44;"zł";"";
2200000;"POMORSKIE";"lipiec";"śmietana o zawartości tłuszczu 18% - za 200 g";"cena";"2016";1,63;"zł";"";
2200000;"POMORSKIE";"lipiec";"jaja kurze świeże - za 1szt";"cena";"2016";0,52;"zł";"";
2200000;"POMORSKIE";"lipiec";"masło świeże o zawartości tłuszczu ok. 82,5% - za 200 g";"cena";"2016";3,85;"zł";"";
2200000;"POMORSKIE";"lipiec";"margaryna - za 400 g";"cena";"2016";4,01;"zł";"";
2200000;"POMORSKIE";"lipiec";"olej rzepakowy produkcji krajowej - za 1l";"cena";"2016";5,61;"zł";"";
2200000;"POMORSKIE";"lipiec";"jabłka - za 1kg";"cena";"2016";3,08;"zł";"";
2200000;"POMORSKIE";"lipiec";"pomarańcze - za 1kg";"cena";"2016";6,43;"zł";"";
2200000;"POMORSKIE";"lipiec";"cytryny - za 1 kg";"cena";"2016";13,32;"zł";"";
2200000;"POMORSKIE";"lipiec";"marchew - za 1 kg";"cena";"2016";2,84;"zł";"";
2200000;"POMORSKIE";"lipiec";"cebula - za 1 kg";"cena";"2016";3,30;"zł";"";
2200000;"POMORSKIE";"lipiec";"ziemniaki - za 1 kg";"cena";"2016";1,58;"zł";"";
2200000;"POMORSKIE";"lipiec";"cukier biały kryształ - za 1kg";"cena";"2016";2,77;"zł";"";
2200000;"POMORSKIE";"lipiec";"czekolada mleczna - za 100g";"cena";"2016";3,49;"zł";"";
2200000;"POMORSKIE";"lipiec";"kawa naturalna mielona - za 250g";"cena";"2016";6,69;"zł";"";
2200000;"POMORSKIE";"lipiec";"herbata czarna, liściasta - za 100g";"cena";"2016";3,44;"zł";"";
2200000;"POMORSKIE";"lipiec";"sok jabłkowy - za 1l";"cena";"2016";3,49;"zł";"";
2200000;"POMORSKIE";"lipiec";"piwo jasne pełne, butelkowane - za 0,5l";"cena";"2016";2,87;"zł";"";
2200000;"POMORSKIE";"lipiec";"papierosy - za 20szt.";"cena";"2016";13,63;"zł";"";
2200000;"POMORSKIE";"lipiec";"garnitur męski 2-częściowy, z tkaniny z udziałem wełny - za 1 kpl";"cena";"2016";546,03;"zł";"";
2200000;"POMORSKIE";"lipiec";"koszula męska z elanobawełny, długi rękaw";"cena";"2016";102,06;"zł";"";
2200000;"POMORSKIE";"lipiec";"podkoszulek męski bawełniany, krótki rękaw";"cena";"2016";29,52;"zł";"";
2200000;"POMORSKIE";"lipiec";"rajstopy damskie gładkie, 15 den";"cena";"2016";7,25;"zł";"";
2200000;"POMORSKIE";"lipiec";"spodnie (6-11 lat) z tkaniny typu jeans";"cena";"2016";59,30;"zł";"";
2200000;"POMORSKIE";"lipiec";"oczyszczenie chemiczne garnituru męskiego 2-częściowego - za 1kpl";"cena";"2016";37,13;"zł";"";
2200000;"POMORSKIE";"lipiec";"półbuty męskie skórzane na podeszwie nieskórzanej - za 1parę";"cena";"2016";187,79;"zł";"";
2200000;"POMORSKIE";"lipiec";"półbuty damskie skórzane na podeszwie nieskórzanej - za 1parę";"cena";"2016";164,55;"zł";"";
2200000;"POMORSKIE";"lipiec";"podzelowanie obuwia męskiego - za 1parę";"cena";"2016";51,08;"zł";"";
2200000;"POMORSKIE";"lipiec";"bateria zlewozmywakowa";"cena";"2016";142,54;"zł";"";
2200000;"POMORSKIE";"lipiec";"zimna woda z miejskiej sieci wodociągowej - za 1m3";"cena";"2016";3,27;"zł";"";
2200000;"POMORSKIE";"lipiec";"centralne ogrzewanie lokali mieszkalnych - za 1 m2 p u";"cena";"2016";0,00;"zł";"";
2200000;"POMORSKIE";"lipiec";"węgiel kamienny - za 1t";"cena";"2016";753,12;"zł";"";
2200000;"POMORSKIE";"lipiec";"ciepła woda - za 1m3";"cena";"2016";22,10;"zł";"";
2200000;"POMORSKIE";"lipiec";"firanka syntetyczna, szer. 300 cm - za 1 m";"cena";"2016";31,47;"zł";"";
2200000;"POMORSKIE";"lipiec";"ręcznik frotté z tkaniny bawełnianej, wym. 50x100 cm";"cena";"2016";20,71;"zł";"";
2200000;"POMORSKIE";"lipiec";"mikser elektryczny";"cena";"2016";143,07;"zł";"";
2200000;"POMORSKIE";"lipiec";"kuchnia mikrofalowa, poj. 16-20 l";"cena";"2016";307,33;"zł";"";
2200000;"POMORSKIE";"lipiec";"talerz głęboki porcelanowy o średnicy 22-24 cm, dekorowany";"cena";"2016";15,08;"zł";"";
2200000;"POMORSKIE";"lipiec";"proszek do prania - za 300g";"cena";"2016";5,26;"zł";"";
2200000;"POMORSKIE";"lipiec";"wizyta u lekarza specjalisty";"cena";"2016";90,00;"zł";"";
2200000;"POMORSKIE";"lipiec";"benzyna silnikowa bezołowiowa, 95-oktanowa - za 1l";"cena";"2016";4,49;"zł";"";
2200000;"POMORSKIE";"lipiec";"olej napędowy - za 1l";"cena";"2016";4,24;"zł";"";
2200000;"POMORSKIE";"lipiec";"bilet normalny na przejazd autobusem miejskim, jednorazowy";"cena";"2016";2,67;"zł";"";
2200000;"POMORSKIE";"lipiec";"przejazd taksówką osobową, taryfa dzienna - za 5km";"cena";"2016";16,51;"zł";"";
2200000;"POMORSKIE";"lipiec";"odtwarzacz osobisty MP3 z radiem";"cena";"2016";155,89;"zł";"";
2200000;"POMORSKIE";"lipiec";"bilet do kina";"cena";"2016";20,98;"zł";"";
2200000;"POMORSKIE";"lipiec";"gazeta regionalna";"cena";"2016";2,31;"zł";"";
2200000;"POMORSKIE";"lipiec";"strzyżenie włosów męskich";"cena";"2016";19,54;"zł";"";
2200000;"POMORSKIE";"lipiec";"mydło toaletowe - za 100g";"cena";"2016";1,90;"zł";"";
2200000;"POMORSKIE";"lipiec";"pasta do zębów - za 100 ml";"cena";"2016";7,90;"zł";"";
2200000;"POMORSKIE";"lipiec";"wywóz śmieci segregowanych w budynkach wielorodzinnych - opłata od osoby";"cena";"2016";11,24;"zł";"";
2200000;"POMORSKIE";"lipiec";"wywóz śmieci niesegregowanych w budynkach wielorodzinnych -opłata od osoby";"cena";"2016";18,07;"zł";"";
2200000;"POMORSKIE";"sierpień";"ryż - za 1kg";"cena";"2016";3,69;"zł";"";
2200000;"POMORSKIE";"sierpień";"bułka pszenna - za 50g";"cena";"2016";0,41;"zł";"";
2200000;"POMORSKIE";"sierpień";"chleb pszenno-żytni - za 0,5kg";"cena";"2016";2,07;"zł";"";
2200000;"POMORSKIE";"sierpień";"mąka pszenna - za 1kg";"cena";"2016";2,63;"zł";"";
2200000;"POMORSKIE";"sierpień";"kasza jęczmienna - za 0,5kg";"cena";"2016";2,30;"zł";"";
2200000;"POMORSKIE";"sierpień";"mięso wołowe z kością (rostbef) - za 1kg";"cena";"2016";24,96;"zł";"";
2200000;"POMORSKIE";"sierpień";"mięso wołowe bez kości (z udźca) - za 1 kg";"cena";"2016";38,12;"zł";"";
2200000;"POMORSKIE";"sierpień";"mięso wieprzowe z kością (schab środkowy) - za 1kg";"cena";"2016";15,19;"zł";"";
2200000;"POMORSKIE";"sierpień";"kurczęta patroszone - za 1kg";"cena";"2016";7,27;"zł";"";
2200000;"POMORSKIE";"sierpień";"szynka wieprzowa gotowana - za 1kg";"cena";"2016";28,22;"zł";"";
2200000;"POMORSKIE";"sierpień";"kiełbasa suszona - za 1kg";"cena";"2016";30,41;"zł";"";
2200000;"POMORSKIE";"sierpień";"kiełbasa wędzona - za 1kg";"cena";"2016";15,17;"zł";"";
2200000;"POMORSKIE";"sierpień";"kiełbasa wędzona (2) - za 1kg";"cena";"2016";19,79;"zł";"";
2200000;"POMORSKIE";"sierpień";"filety z morszczuka mrożone - za 1kg";"cena";"2016";21,84;"zł";"";
2200000;"POMORSKIE";"sierpień";"karp świeży - za 1kg";"cena";"2016";0,00;"zł";"";
2200000;"POMORSKIE";"sierpień";"mleko krowie spożywcze o zawartości tłuszczu 3-3,5%, sterylizowane - za 1l";"cena";"2016";2,40;"zł";"";
2200000;"POMORSKIE";"sierpień";"mleko krowie spożywcze o zawartości tłuszczu 2-2,5% - za 1l";"cena";"2016";2,21;"zł";"";
2200000;"POMORSKIE";"sierpień";"ser twarogowy półtłusty - za 1kg";"cena";"2016";13,49;"zł";"";
2200000;"POMORSKIE";"sierpień";"ser dojrzewający - za 1kg";"cena";"2016";17,43;"zł";"";
2200000;"POMORSKIE";"sierpień";"śmietana o zawartości tłuszczu 18% - za 200 g";"cena";"2016";1,64;"zł";"";
2200000;"POMORSKIE";"sierpień";"jaja kurze świeże - za 1szt";"cena";"2016";0,51;"zł";"";
2200000;"POMORSKIE";"sierpień";"masło świeże o zawartości tłuszczu ok. 82,5% - za 200 g";"cena";"2016";4,03;"zł";"";
2200000;"POMORSKIE";"sierpień";"margaryna - za 400 g";"cena";"2016";4,08;"zł";"";
2200000;"POMORSKIE";"sierpień";"olej rzepakowy produkcji krajowej - za 1l";"cena";"2016";5,60;"zł";"";
2200000;"POMORSKIE";"sierpień";"jabłka - za 1kg";"cena";"2016";3,18;"zł";"";
2200000;"POMORSKIE";"sierpień";"pomarańcze - za 1kg";"cena";"2016";6,48;"zł";"";
2200000;"POMORSKIE";"sierpień";"cytryny - za 1 kg";"cena";"2016";13,68;"zł";"";
2200000;"POMORSKIE";"sierpień";"marchew - za 1 kg";"cena";"2016";2,37;"zł";"";
2200000;"POMORSKIE";"sierpień";"cebula - za 1 kg";"cena";"2016";3,06;"zł";"";
2200000;"POMORSKIE";"sierpień";"ziemniaki - za 1 kg";"cena";"2016";1,28;"zł";"";
2200000;"POMORSKIE";"sierpień";"cukier biały kryształ - za 1kg";"cena";"2016";2,97;"zł";"";
2200000;"POMORSKIE";"sierpień";"czekolada mleczna - za 100g";"cena";"2016";3,41;"zł";"";
2200000;"POMORSKIE";"sierpień";"kawa naturalna mielona - za 250g";"cena";"2016";6,74;"zł";"";
2200000;"POMORSKIE";"sierpień";"herbata czarna, liściasta - za 100g";"cena";"2016";3,55;"zł";"";
2200000;"POMORSKIE";"sierpień";"sok jabłkowy - za 1l";"cena";"2016";3,63;"zł";"";
2200000;"POMORSKIE";"sierpień";"piwo jasne pełne, butelkowane - za 0,5l";"cena";"2016";2,81;"zł";"";
2200000;"POMORSKIE";"sierpień";"papierosy - za 20szt.";"cena";"2016";13,62;"zł";"";
2200000;"POMORSKIE";"sierpień";"garnitur męski 2-częściowy, z tkaniny z udziałem wełny - za 1 kpl";"cena";"2016";555,00;"zł";"";
2200000;"POMORSKIE";"sierpień";"koszula męska z elanobawełny, długi rękaw";"cena";"2016";102,45;"zł";"";
2200000;"POMORSKIE";"sierpień";"podkoszulek męski bawełniany, krótki rękaw";"cena";"2016";29,72;"zł";"";
2200000;"POMORSKIE";"sierpień";"rajstopy damskie gładkie, 15 den";"cena";"2016";7,25;"zł";"";
2200000;"POMORSKIE";"sierpień";"spodnie (6-11 lat) z tkaniny typu jeans";"cena";"2016";69,68;"zł";"";
2200000;"POMORSKIE";"sierpień";"oczyszczenie chemiczne garnituru męskiego 2-częściowego - za 1kpl";"cena";"2016";37,13;"zł";"";
2200000;"POMORSKIE";"sierpień";"półbuty męskie skórzane na podeszwie nieskórzanej - za 1parę";"cena";"2016";186,25;"zł";"";
2200000;"POMORSKIE";"sierpień";"półbuty damskie skórzane na podeszwie nieskórzanej - za 1parę";"cena";"2016";162,24;"zł";"";
2200000;"POMORSKIE";"sierpień";"podzelowanie obuwia męskiego - za 1parę";"cena";"2016";51,08;"zł";"";
2200000;"POMORSKIE";"sierpień";"bateria zlewozmywakowa";"cena";"2016";144,69;"zł";"";
2200000;"POMORSKIE";"sierpień";"zimna woda z miejskiej sieci wodociągowej - za 1m3";"cena";"2016";3,27;"zł";"";
2200000;"POMORSKIE";"sierpień";"centralne ogrzewanie lokali mieszkalnych - za 1 m2 p u";"cena";"2016";0,00;"zł";"";
2200000;"POMORSKIE";"sierpień";"węgiel kamienny - za 1t";"cena";"2016";755,62;"zł";"";
2200000;"POMORSKIE";"sierpień";"ciepła woda - za 1m3";"cena";"2016";22,10;"zł";"";
2200000;"POMORSKIE";"sierpień";"firanka syntetyczna, szer. 300 cm - za 1 m";"cena";"2016";31,78;"zł";"";
2200000;"POMORSKIE";"sierpień";"ręcznik frotté z tkaniny bawełnianej, wym. 50x100 cm";"cena";"2016";20,71;"zł";"";
2200000;"POMORSKIE";"sierpień";"mikser elektryczny";"cena";"2016";140,74;"zł";"";
2200000;"POMORSKIE";"sierpień";"kuchnia mikrofalowa, poj. 16-20 l";"cena";"2016";311,50;"zł";"";
2200000;"POMORSKIE";"sierpień";"talerz głęboki porcelanowy o średnicy 22-24 cm, dekorowany";"cena";"2016";15,08;"zł";"";
2200000;"POMORSKIE";"sierpień";"proszek do prania - za 300g";"cena";"2016";5,37;"zł";"";
2200000;"POMORSKIE";"sierpień";"wizyta u lekarza specjalisty";"cena";"2016";90,00;"zł";"";
2200000;"POMORSKIE";"sierpień";"benzyna silnikowa bezołowiowa, 95-oktanowa - za 1l";"cena";"2016";4,35;"zł";"";
2200000;"POMORSKIE";"sierpień";"olej napędowy - za 1l";"cena";"2016";4,14;"zł";"";
2200000;"POMORSKIE";"sierpień";"bilet normalny na przejazd autobusem miejskim, jednorazowy";"cena";"2016";2,67;"zł";"";
2200000;"POMORSKIE";"sierpień";"przejazd taksówką osobową, taryfa dzienna - za 5km";"cena";"2016";16,51;"zł";"";
2200000;"POMORSKIE";"sierpień";"odtwarzacz osobisty MP3 z radiem";"cena";"2016";158,07;"zł";"";
2200000;"POMORSKIE";"sierpień";"bilet do kina";"cena";"2016";20,98;"zł";"";
2200000;"POMORSKIE";"sierpień";"gazeta regionalna";"cena";"2016";2,31;"zł";"";
2200000;"POMORSKIE";"sierpień";"strzyżenie włosów męskich";"cena";"2016";19,54;"zł";"";
2200000;"POMORSKIE";"sierpień";"mydło toaletowe - za 100g";"cena";"2016";1,97;"zł";"";
2200000;"POMORSKIE";"sierpień";"pasta do zębów - za 100 ml";"cena";"2016";7,39;"zł";"";
2200000;"POMORSKIE";"sierpień";"wywóz śmieci segregowanych w budynkach wielorodzinnych - opłata od osoby";"cena";"2016";11,24;"zł";"";
2200000;"POMORSKIE";"sierpień";"wywóz śmieci niesegregowanych w budynkach wielorodzinnych -opłata od osoby";"cena";"2016";19,15;"zł";"";
2200000;"POMORSKIE";"wrzesień";"ryż - za 1kg";"cena";"2016";3,80;"zł";"";
2200000;"POMORSKIE";"wrzesień";"bułka pszenna - za 50g";"cena";"2016";0,41;"zł";"";
2200000;"POMORSKIE";"wrzesień";"chleb pszenno-żytni - za 0,5kg";"cena";"2016";2,07;"zł";"";
2200000;"POMORSKIE";"wrzesień";"mąka pszenna - za 1kg";"cena";"2016";2,61;"zł";"";
2200000;"POMORSKIE";"wrzesień";"kasza jęczmienna - za 0,5kg";"cena";"2016";2,26;"zł";"";
2200000;"POMORSKIE";"wrzesień";"mięso wołowe z kością (rostbef) - za 1kg";"cena";"2016";24,87;"zł";"";
2200000;"POMORSKIE";"wrzesień";"mięso wołowe bez kości (z udźca) - za 1 kg";"cena";"2016";38,20;"zł";"";
2200000;"POMORSKIE";"wrzesień";"mięso wieprzowe z kością (schab środkowy) - za 1kg";"cena";"2016";15,37;"zł";"";
2200000;"POMORSKIE";"wrzesień";"kurczęta patroszone - za 1kg";"cena";"2016";6,97;"zł";"";
2200000;"POMORSKIE";"wrzesień";"szynka wieprzowa gotowana - za 1kg";"cena";"2016";28,21;"zł";"";
2200000;"POMORSKIE";"wrzesień";"kiełbasa suszona - za 1kg";"cena";"2016";30,50;"zł";"";
2200000;"POMORSKIE";"wrzesień";"kiełbasa wędzona - za 1kg";"cena";"2016";15,20;"zł";"";
2200000;"POMORSKIE";"wrzesień";"kiełbasa wędzona (2) - za 1kg";"cena";"2016";19,87;"zł";"";
2200000;"POMORSKIE";"wrzesień";"filety z morszczuka mrożone - za 1kg";"cena";"2016";21,57;"zł";"";
2200000;"POMORSKIE";"wrzesień";"karp świeży - za 1kg";"cena";"2016";0,00;"zł";"";
2200000;"POMORSKIE";"wrzesień";"mleko krowie spożywcze o zawartości tłuszczu 3-3,5%, sterylizowane - za 1l";"cena";"2016";2,39;"zł";"";
2200000;"POMORSKIE";"wrzesień";"mleko krowie spożywcze o zawartości tłuszczu 2-2,5% - za 1l";"cena";"2016";2,21;"zł";"";
2200000;"POMORSKIE";"wrzesień";"ser twarogowy półtłusty - za 1kg";"cena";"2016";13,33;"zł";"";
2200000;"POMORSKIE";"wrzesień";"ser dojrzewający - za 1kg";"cena";"2016";18,66;"zł";"";
2200000;"POMORSKIE";"wrzesień";"śmietana o zawartości tłuszczu 18% - za 200 g";"cena";"2016";1,64;"zł";"";
2200000;"POMORSKIE";"wrzesień";"jaja kurze świeże - za 1szt";"cena";"2016";0,48;"zł";"";
2200000;"POMORSKIE";"wrzesień";"masło świeże o zawartości tłuszczu ok. 82,5% - za 200 g";"cena";"2016";4,15;"zł";"";
2200000;"POMORSKIE";"wrzesień";"margaryna - za 400 g";"cena";"2016";3,86;"zł";"";
2200000;"POMORSKIE";"wrzesień";"olej rzepakowy produkcji krajowej - za 1l";"cena";"2016";5,72;"zł";"";
2200000;"POMORSKIE";"wrzesień";"jabłka - za 1kg";"cena";"2016";2,88;"zł";"";
2200000;"POMORSKIE";"wrzesień";"pomarańcze - za 1kg";"cena";"2016";6,27;"zł";"";
2200000;"POMORSKIE";"wrzesień";"cytryny - za 1 kg";"cena";"2016";11,77;"zł";"";
2200000;"POMORSKIE";"wrzesień";"marchew - za 1 kg";"cena";"2016";2,07;"zł";"";
2200000;"POMORSKIE";"wrzesień";"cebula - za 1 kg";"cena";"2016";2,54;"zł";"";
2200000;"POMORSKIE";"wrzesień";"ziemniaki - za 1 kg";"cena";"2016";1,18;"zł";"";
2200000;"POMORSKIE";"wrzesień";"cukier biały kryształ - za 1kg";"cena";"2016";3,00;"zł";"";
2200000;"POMORSKIE";"wrzesień";"czekolada mleczna - za 100g";"cena";"2016";3,59;"zł";"";
2200000;"POMORSKIE";"wrzesień";"kawa naturalna mielona - za 250g";"cena";"2016";6,74;"zł";"";
2200000;"POMORSKIE";"wrzesień";"herbata czarna, liściasta - za 100g";"cena";"2016";3,82;"zł";"";
2200000;"POMORSKIE";"wrzesień";"sok jabłkowy - za 1l";"cena";"2016";3,54;"zł";"";
2200000;"POMORSKIE";"wrzesień";"piwo jasne pełne, butelkowane - za 0,5l";"cena";"2016";2,85;"zł";"";
2200000;"POMORSKIE";"wrzesień";"papierosy - za 20szt.";"cena";"2016";13,66;"zł";"";
2200000;"POMORSKIE";"wrzesień";"garnitur męski 2-częściowy, z tkaniny z udziałem wełny - za 1 kpl";"cena";"2016";555,00;"zł";"";
2200000;"POMORSKIE";"wrzesień";"koszula męska z elanobawełny, długi rękaw";"cena";"2016";105,28;"zł";"";
2200000;"POMORSKIE";"wrzesień";"podkoszulek męski bawełniany, krótki rękaw";"cena";"2016";29,88;"zł";"";
2200000;"POMORSKIE";"wrzesień";"rajstopy damskie gładkie, 15 den";"cena";"2016";7,28;"zł";"";
2200000;"POMORSKIE";"wrzesień";"spodnie (6-11 lat) z tkaniny typu jeans";"cena";"2016";75,07;"zł";"";
2200000;"POMORSKIE";"wrzesień";"oczyszczenie chemiczne garnituru męskiego 2-częściowego - za 1kpl";"cena";"2016";37,67;"zł";"";
2200000;"POMORSKIE";"wrzesień";"półbuty męskie skórzane na podeszwie nieskórzanej - za 1parę";"cena";"2016";186,25;"zł";"";
2200000;"POMORSKIE";"wrzesień";"półbuty damskie skórzane na podeszwie nieskórzanej - za 1parę";"cena";"2016";167,64;"zł";"";
2200000;"POMORSKIE";"wrzesień";"podzelowanie obuwia męskiego - za 1parę";"cena";"2016";51,08;"zł";"";
2200000;"POMORSKIE";"wrzesień";"bateria zlewozmywakowa";"cena";"2016";144,69;"zł";"";
2200000;"POMORSKIE";"wrzesień";"zimna woda z miejskiej sieci wodociągowej - za 1m3";"cena";"2016";3,27;"zł";"";
2200000;"POMORSKIE";"wrzesień";"centralne ogrzewanie lokali mieszkalnych - za 1 m2 p u";"cena";"2016";0,00;"zł";"";
2200000;"POMORSKIE";"wrzesień";"węgiel kamienny - za 1t";"cena";"2016";758,45;"zł";"";
2200000;"POMORSKIE";"wrzesień";"ciepła woda - za 1m3";"cena";"2016";22,29;"zł";"";
2200000;"POMORSKIE";"wrzesień";"firanka syntetyczna, szer. 300 cm - za 1 m";"cena";"2016";31,83;"zł";"";
2200000;"POMORSKIE";"wrzesień";"ręcznik frotté z tkaniny bawełnianej, wym. 50x100 cm";"cena";"2016";20,87;"zł";"";
2200000;"POMORSKIE";"wrzesień";"mikser elektryczny";"cena";"2016";142,41;"zł";"";
2200000;"POMORSKIE";"wrzesień";"kuchnia mikrofalowa, poj. 16-20 l";"cena";"2016";311,58;"zł";"";
2200000;"POMORSKIE";"wrzesień";"talerz głęboki porcelanowy o średnicy 22-24 cm, dekorowany";"cena";"2016";14,92;"zł";"";
2200000;"POMORSKIE";"wrzesień";"proszek do prania - za 300g";"cena";"2016";5,46;"zł";"";
2200000;"POMORSKIE";"wrzesień";"wizyta u lekarza specjalisty";"cena";"2016";90,00;"zł";"";
2200000;"POMORSKIE";"wrzesień";"benzyna silnikowa bezołowiowa, 95-oktanowa - za 1l";"cena";"2016";4,49;"zł";"";
2200000;"POMORSKIE";"wrzesień";"olej napędowy - za 1l";"cena";"2016";4,25;"zł";"";
2200000;"POMORSKIE";"wrzesień";"bilet normalny na przejazd autobusem miejskim, jednorazowy";"cena";"2016";2,71;"zł";"";
2200000;"POMORSKIE";"wrzesień";"przejazd taksówką osobową, taryfa dzienna - za 5km";"cena";"2016";16,51;"zł";"";
2200000;"POMORSKIE";"wrzesień";"odtwarzacz osobisty MP3 z radiem";"cena";"2016";154,35;"zł";"";
2200000;"POMORSKIE";"wrzesień";"bilet do kina";"cena";"2016";21,53;"zł";"";
2200000;"POMORSKIE";"wrzesień";"gazeta regionalna";"cena";"2016";2,31;"zł";"";
2200000;"POMORSKIE";"wrzesień";"strzyżenie włosów męskich";"cena";"2016";19,54;"zł";"";
2200000;"POMORSKIE";"wrzesień";"mydło toaletowe - za 100g";"cena";"2016";1,96;"zł";"";
2200000;"POMORSKIE";"wrzesień";"pasta do zębów - za 100 ml";"cena";"2016";7,82;"zł";"";
2200000;"POMORSKIE";"wrzesień";"wywóz śmieci segregowanych w budynkach wielorodzinnych - opłata od osoby";"cena";"2016";11,24;"zł";"";
2200000;"POMORSKIE";"wrzesień";"wywóz śmieci niesegregowanych w budynkach wielorodzinnych -opłata od osoby";"cena";"2016";19,15;"zł";"";
2200000;"POMORSKIE";"październik";"ryż - za 1kg";"cena";"2016";3,79;"zł";"";
2200000;"POMORSKIE";"październik";"bułka pszenna - za 50g";"cena";"2016";0,41;"zł";"";
2200000;"POMORSKIE";"październik";"chleb pszenno-żytni - za 0,5kg";"cena";"2016";2,07;"zł";"";
2200000;"POMORSKIE";"październik";"mąka pszenna - za 1kg";"cena";"2016";2,69;"zł";"";
2200000;"POMORSKIE";"październik";"kasza jęczmienna - za 0,5kg";"cena";"2016";2,30;"zł";"";
2200000;"POMORSKIE";"październik";"mięso wołowe z kością (rostbef) - za 1kg";"cena";"2016";24,87;"zł";"";
2200000;"POMORSKIE";"październik";"mięso wołowe bez kości (z udźca) - za 1 kg";"cena";"2016";38,20;"zł";"";
2200000;"POMORSKIE";"październik";"mięso wieprzowe z kością (schab środkowy) - za 1kg";"cena";"2016";15,52;"zł";"";
2200000;"POMORSKIE";"październik";"kurczęta patroszone - za 1kg";"cena";"2016";7,15;"zł";"";
2200000;"POMORSKIE";"październik";"szynka wieprzowa gotowana - za 1kg";"cena";"2016";27,87;"zł";"";
2200000;"POMORSKIE";"październik";"kiełbasa suszona - za 1kg";"cena";"2016";29,20;"zł";"";
2200000;"POMORSKIE";"październik";"kiełbasa wędzona - za 1kg";"cena";"2016";15,20;"zł";"";
2200000;"POMORSKIE";"październik";"kiełbasa wędzona (2) - za 1kg";"cena";"2016";19,88;"zł";"";
2200000;"POMORSKIE";"październik";"filety z morszczuka mrożone - za 1kg";"cena";"2016";21,56;"zł";"";
2200000;"POMORSKIE";"październik";"karp świeży - za 1kg";"cena";"2016";0,00;"zł";"";
2200000;"POMORSKIE";"październik";"mleko krowie spożywcze o zawartości tłuszczu 3-3,5%, sterylizowane - za 1l";"cena";"2016";2,33;"zł";"";
2200000;"POMORSKIE";"październik";"mleko krowie spożywcze o zawartości tłuszczu 2-2,5% - za 1l";"cena";"2016";2,16;"zł";"";
2200000;"POMORSKIE";"październik";"ser twarogowy półtłusty - za 1kg";"cena";"2016";13,04;"zł";"";
2200000;"POMORSKIE";"październik";"ser dojrzewający - za 1kg";"cena";"2016";20,01;"zł";"";
2200000;"POMORSKIE";"październik";"śmietana o zawartości tłuszczu 18% - za 200 g";"cena";"2016";1,64;"zł";"";
2200000;"POMORSKIE";"październik";"jaja kurze świeże - za 1szt";"cena";"2016";0,51;"zł";"";
2200000;"POMORSKIE";"październik";"masło świeże o zawartości tłuszczu ok. 82,5% - za 200 g";"cena";"2016";4,58;"zł";"";
2200000;"POMORSKIE";"październik";"margaryna - za 400 g";"cena";"2016";3,92;"zł";"";
2200000;"POMORSKIE";"październik";"olej rzepakowy produkcji krajowej - za 1l";"cena";"2016";5,79;"zł";"";
2200000;"POMORSKIE";"październik";"jabłka - za 1kg";"cena";"2016";2,50;"zł";"";
2200000;"POMORSKIE";"październik";"pomarańcze - za 1kg";"cena";"2016";6,39;"zł";"";
2200000;"POMORSKIE";"październik";"cytryny - za 1 kg";"cena";"2016";8,32;"zł";"";
2200000;"POMORSKIE";"październik";"marchew - za 1 kg";"cena";"2016";2,00;"zł";"";
2200000;"POMORSKIE";"październik";"cebula - za 1 kg";"cena";"2016";2,33;"zł";"";
2200000;"POMORSKIE";"październik";"ziemniaki - za 1 kg";"cena";"2016";1,00;"zł";"";
2200000;"POMORSKIE";"październik";"cukier biały kryształ - za 1kg";"cena";"2016";3,17;"zł";"";
2200000;"POMORSKIE";"październik";"czekolada mleczna - za 100g";"cena";"2016";3,71;"zł";"";
2200000;"POMORSKIE";"październik";"kawa naturalna mielona - za 250g";"cena";"2016";6,88;"zł";"";
2200000;"POMORSKIE";"październik";"herbata czarna, liściasta - za 100g";"cena";"2016";3,79;"zł";"";
2200000;"POMORSKIE";"październik";"sok jabłkowy - za 1l";"cena";"2016";3,54;"zł";"";
2200000;"POMORSKIE";"październik";"piwo jasne pełne, butelkowane - za 0,5l";"cena";"2016";2,83;"zł";"";
2200000;"POMORSKIE";"październik";"papierosy - za 20szt.";"cena";"2016";13,66;"zł";"";
2200000;"POMORSKIE";"październik";"garnitur męski 2-częściowy, z tkaniny z udziałem wełny - za 1 kpl";"cena";"2016";540,08;"zł";"";
2200000;"POMORSKIE";"październik";"koszula męska z elanobawełny, długi rękaw";"cena";"2016";106,98;"zł";"";
2200000;"POMORSKIE";"październik";"podkoszulek męski bawełniany, krótki rękaw";"cena";"2016";29,88;"zł";"";
2200000;"POMORSKIE";"październik";"rajstopy damskie gładkie, 15 den";"cena";"2016";7,32;"zł";"";
2200000;"POMORSKIE";"październik";"spodnie (6-11 lat) z tkaniny typu jeans";"cena";"2016";75,15;"zł";"";
2200000;"POMORSKIE";"październik";"oczyszczenie chemiczne garnituru męskiego 2-częściowego - za 1kpl";"cena";"2016";38,06;"zł";"";
2200000;"POMORSKIE";"październik";"półbuty męskie skórzane na podeszwie nieskórzanej - za 1parę";"cena";"2016";186,25;"zł";"";
2200000;"POMORSKIE";"październik";"półbuty damskie skórzane na podeszwie nieskórzanej - za 1parę";"cena";"2016";167,64;"zł";"";
2200000;"POMORSKIE";"październik";"podzelowanie obuwia męskiego - za 1parę";"cena";"2016";51,08;"zł";"";
2200000;"POMORSKIE";"październik";"bateria zlewozmywakowa";"cena";"2016";152,77;"zł";"";
2200000;"POMORSKIE";"październik";"zimna woda z miejskiej sieci wodociągowej - za 1m3";"cena";"2016";3,27;"zł";"";
2200000;"POMORSKIE";"październik";"centralne ogrzewanie lokali mieszkalnych - za 1 m2 p u";"cena";"2016";3,86;"zł";"";
2200000;"POMORSKIE";"październik";"węgiel kamienny - za 1t";"cena";"2016";773,62;"zł";"";
2200000;"POMORSKIE";"październik";"ciepła woda - za 1m3";"cena";"2016";22,22;"zł";"";
2200000;"POMORSKIE";"październik";"firanka syntetyczna, szer. 300 cm - za 1 m";"cena";"2016";31,83;"zł";"";
2200000;"POMORSKIE";"październik";"ręcznik frotté z tkaniny bawełnianej, wym. 50x100 cm";"cena";"2016";20,98;"zł";"";
2200000;"POMORSKIE";"październik";"mikser elektryczny";"cena";"2016";144,07;"zł";"";
2200000;"POMORSKIE";"październik";"kuchnia mikrofalowa, poj. 16-20 l";"cena";"2016";307,25;"zł";"";
2200000;"POMORSKIE";"październik";"talerz głęboki porcelanowy o średnicy 22-24 cm, dekorowany";"cena";"2016";14,71;"zł";"";
2200000;"POMORSKIE";"październik";"proszek do prania - za 300g";"cena";"2016";5,48;"zł";"";
2200000;"POMORSKIE";"październik";"wizyta u lekarza specjalisty";"cena";"2016";90,00;"zł";"";
2200000;"POMORSKIE";"październik";"benzyna silnikowa bezołowiowa, 95-oktanowa - za 1l";"cena";"2016";4,59;"zł";"";
2200000;"POMORSKIE";"październik";"olej napędowy - za 1l";"cena";"2016";4,37;"zł";"";
2200000;"POMORSKIE";"październik";"bilet normalny na przejazd autobusem miejskim, jednorazowy";"cena";"2016";2,71;"zł";"";
2200000;"POMORSKIE";"październik";"przejazd taksówką osobową, taryfa dzienna - za 5km";"cena";"2016";16,51;"zł";"";
2200000;"POMORSKIE";"październik";"odtwarzacz osobisty MP3 z radiem";"cena";"2016";153,39;"zł";"";
2200000;"POMORSKIE";"październik";"bilet do kina";"cena";"2016";21,62;"zł";"";
2200000;"POMORSKIE";"październik";"gazeta regionalna";"cena";"2016";2,35;"zł";"";
2200000;"POMORSKIE";"październik";"strzyżenie włosów męskich";"cena";"2016";19,54;"zł";"";
2200000;"POMORSKIE";"październik";"mydło toaletowe - za 100g";"cena";"2016";1,96;"zł";"";
2200000;"POMORSKIE";"październik";"pasta do zębów - za 100 ml";"cena";"2016";7,65;"zł";"";
2200000;"POMORSKIE";"październik";"wywóz śmieci segregowanych w budynkach wielorodzinnych - opłata od osoby";"cena";"2016";11,24;"zł";"";
2200000;"POMORSKIE";"październik";"wywóz śmieci niesegregowanych w budynkach wielorodzinnych -opłata od osoby";"cena";"2016";19,15;"zł";"";
2200000;"POMORSKIE";"listopad";"ryż - za 1kg";"cena";"2016";3,67;"zł";"";
2200000;"POMORSKIE";"listopad";"bułka pszenna - za 50g";"cena";"2016";0,42;"zł";"";
2200000;"POMORSKIE";"listopad";"chleb pszenno-żytni - za 0,5kg";"cena";"2016";2,09;"zł";"";
2200000;"POMORSKIE";"listopad";"mąka pszenna - za 1kg";"cena";"2016";2,63;"zł";"";
2200000;"POMORSKIE";"listopad";"kasza jęczmienna - za 0,5kg";"cena";"2016";2,29;"zł";"";
2200000;"POMORSKIE";"listopad";"mięso wołowe z kością (rostbef) - za 1kg";"cena";"2016";24,87;"zł";"";
2200000;"POMORSKIE";"listopad";"mięso wołowe bez kości (z udźca) - za 1 kg";"cena";"2016";38,43;"zł";"";
2200000;"POMORSKIE";"listopad";"mięso wieprzowe z kością (schab środkowy) - za 1kg";"cena";"2016";15,57;"zł";"";
2200000;"POMORSKIE";"listopad";"kurczęta patroszone - za 1kg";"cena";"2016";7,14;"zł";"";
2200000;"POMORSKIE";"listopad";"szynka wieprzowa gotowana - za 1kg";"cena";"2016";27,87;"zł";"";
2200000;"POMORSKIE";"listopad";"kiełbasa suszona - za 1kg";"cena";"2016";29,26;"zł";"";
2200000;"POMORSKIE";"listopad";"kiełbasa wędzona - za 1kg";"cena";"2016";15,37;"zł";"";
2200000;"POMORSKIE";"listopad";"kiełbasa wędzona (2) - za 1kg";"cena";"2016";19,96;"zł";"";
2200000;"POMORSKIE";"listopad";"filety z morszczuka mrożone - za 1kg";"cena";"2016";21,63;"zł";"";
2200000;"POMORSKIE";"listopad";"karp świeży - za 1kg";"cena";"2016";16,19;"zł";"";
2200000;"POMORSKIE";"listopad";"mleko krowie spożywcze o zawartości tłuszczu 3-3,5%, sterylizowane - za 1l";"cena";"2016";2,41;"zł";"";
2200000;"POMORSKIE";"listopad";"mleko krowie spożywcze o zawartości tłuszczu 2-2,5% - za 1l";"cena";"2016";2,16;"zł";"";
2200000;"POMORSKIE";"listopad";"ser twarogowy półtłusty - za 1kg";"cena";"2016";13,59;"zł";"";
2200000;"POMORSKIE";"listopad";"ser dojrzewający - za 1kg";"cena";"2016";19,72;"zł";"";
2200000;"POMORSKIE";"listopad";"śmietana o zawartości tłuszczu 18% - za 200 g";"cena";"2016";1,66;"zł";"";
2200000;"POMORSKIE";"listopad";"jaja kurze świeże - za 1szt";"cena";"2016";0,51;"zł";"";
2200000;"POMORSKIE";"listopad";"masło świeże o zawartości tłuszczu ok. 82,5% - za 200 g";"cena";"2016";4,69;"zł";"";
2200000;"POMORSKIE";"listopad";"margaryna - za 400 g";"cena";"2016";3,93;"zł";"";
2200000;"POMORSKIE";"listopad";"olej rzepakowy produkcji krajowej - za 1l";"cena";"2016";5,78;"zł";"";
2200000;"POMORSKIE";"listopad";"jabłka - za 1kg";"cena";"2016";2,55;"zł";"";
2200000;"POMORSKIE";"listopad";"pomarańcze - za 1kg";"cena";"2016";6,12;"zł";"";
2200000;"POMORSKIE";"listopad";"cytryny - za 1 kg";"cena";"2016";7,15;"zł";"";
2200000;"POMORSKIE";"listopad";"marchew - za 1 kg";"cena";"2016";1,85;"zł";"";
2200000;"POMORSKIE";"listopad";"cebula - za 1 kg";"cena";"2016";2,17;"zł";"";
2200000;"POMORSKIE";"listopad";"ziemniaki - za 1 kg";"cena";"2016";1,09;"zł";"";
2200000;"POMORSKIE";"listopad";"cukier biały kryształ - za 1kg";"cena";"2016";3,15;"zł";"";
2200000;"POMORSKIE";"listopad";"czekolada mleczna - za 100g";"cena";"2016";3,70;"zł";"";
2200000;"POMORSKIE";"listopad";"kawa naturalna mielona - za 250g";"cena";"2016";6,92;"zł";"";
2200000;"POMORSKIE";"listopad";"herbata czarna, liściasta - za 100g";"cena";"2016";3,81;"zł";"";
2200000;"POMORSKIE";"listopad";"sok jabłkowy - za 1l";"cena";"2016";3,57;"zł";"";
2200000;"POMORSKIE";"listopad";"piwo jasne pełne, butelkowane - za 0,5l";"cena";"2016";2,81;"zł";"";
2200000;"POMORSKIE";"listopad";"papierosy - za 20szt.";"cena";"2016";13,66;"zł";"";
2200000;"POMORSKIE";"listopad";"garnitur męski 2-częściowy, z tkaniny z udziałem wełny - za 1 kpl";"cena";"2016";569,24;"zł";"";
2200000;"POMORSKIE";"listopad";"koszula męska z elanobawełny, długi rękaw";"cena";"2016";105,44;"zł";"";
2200000;"POMORSKIE";"listopad";"podkoszulek męski bawełniany, krótki rękaw";"cena";"2016";28,61;"zł";"";
2200000;"POMORSKIE";"listopad";"rajstopy damskie gładkie, 15 den";"cena";"2016";7,32;"zł";"";
2200000;"POMORSKIE";"listopad";"spodnie (6-11 lat) z tkaniny typu jeans";"cena";"2016";64,77;"zł";"";
2200000;"POMORSKIE";"listopad";"oczyszczenie chemiczne garnituru męskiego 2-częściowego - za 1kpl";"cena";"2016";38,06;"zł";"";
2200000;"POMORSKIE";"listopad";"półbuty męskie skórzane na podeszwie nieskórzanej - za 1parę";"cena";"2016";186,25;"zł";"";
2200000;"POMORSKIE";"listopad";"półbuty damskie skórzane na podeszwie nieskórzanej - za 1parę";"cena";"2016";171,94;"zł";"";
2200000;"POMORSKIE";"listopad";"podzelowanie obuwia męskiego - za 1parę";"cena";"2016";51,85;"zł";"";
2200000;"POMORSKIE";"listopad";"bateria zlewozmywakowa";"cena";"2016";147,47;"zł";"";
2200000;"POMORSKIE";"listopad";"zimna woda z miejskiej sieci wodociągowej - za 1m3";"cena";"2016";3,27;"zł";"";
2200000;"POMORSKIE";"listopad";"centralne ogrzewanie lokali mieszkalnych - za 1 m2 p u";"cena";"2016";3,86;"zł";"";
2200000;"POMORSKIE";"listopad";"węgiel kamienny - za 1t";"cena";"2016";776,70;"zł";"";
2200000;"POMORSKIE";"listopad";"ciepła woda - za 1m3";"cena";"2016";21,87;"zł";"";
2200000;"POMORSKIE";"listopad";"firanka syntetyczna, szer. 300 cm - za 1 m";"cena";"2016";35,43;"zł";"";
2200000;"POMORSKIE";"listopad";"ręcznik frotté z tkaniny bawełnianej, wym. 50x100 cm";"cena";"2016";21,19;"zł";"";
2200000;"POMORSKIE";"listopad";"mikser elektryczny";"cena";"2016";144,07;"zł";"";
2200000;"POMORSKIE";"listopad";"kuchnia mikrofalowa, poj. 16-20 l";"cena";"2016";313,17;"zł";"";
2200000;"POMORSKIE";"listopad";"talerz głęboki porcelanowy o średnicy 22-24 cm, dekorowany";"cena";"2016";14,92;"zł";"";
2200000;"POMORSKIE";"listopad";"proszek do prania - za 300g";"cena";"2016";5,40;"zł";"";
2200000;"POMORSKIE";"listopad";"wizyta u lekarza specjalisty";"cena";"2016";90,00;"zł";"";
2200000;"POMORSKIE";"listopad";"benzyna silnikowa bezołowiowa, 95-oktanowa - za 1l";"cena";"2016";4,58;"zł";"";
2200000;"POMORSKIE";"listopad";"olej napędowy - za 1l";"cena";"2016";4,36;"zł";"";
2200000;"POMORSKIE";"listopad";"bilet normalny na przejazd autobusem miejskim, jednorazowy";"cena";"2016";2,71;"zł";"";
2200000;"POMORSKIE";"listopad";"przejazd taksówką osobową, taryfa dzienna - za 5km";"cena";"2016";16,51;"zł";"";
2200000;"POMORSKIE";"listopad";"odtwarzacz osobisty MP3 z radiem";"cena";"2016";156,31;"zł";"";
2200000;"POMORSKIE";"listopad";"bilet do kina";"cena";"2016";21,71;"zł";"";
2200000;"POMORSKIE";"listopad";"gazeta regionalna";"cena";"2016";2,35;"zł";"";
2200000;"POMORSKIE";"listopad";"strzyżenie włosów męskich";"cena";"2016";19,54;"zł";"";
2200000;"POMORSKIE";"listopad";"mydło toaletowe - za 100g";"cena";"2016";1,96;"zł";"";
2200000;"POMORSKIE";"listopad";"pasta do zębów - za 100 ml";"cena";"2016";7,78;"zł";"";
2200000;"POMORSKIE";"listopad";"wywóz śmieci segregowanych w budynkach wielorodzinnych - opłata od osoby";"cena";"2016";11,24;"zł";"";
2200000;"POMORSKIE";"listopad";"wywóz śmieci niesegregowanych w budynkach wielorodzinnych -opłata od osoby";"cena";"2016";19,15;"zł";"";
2200000;"POMORSKIE";"grudzień";"ryż - za 1kg";"cena";"2016";3,64;"zł";"";
2200000;"POMORSKIE";"grudzień";"bułka pszenna - za 50g";"cena";"2016";0,41;"zł";"";
2200000;"POMORSKIE";"grudzień";"chleb pszenno-żytni - za 0,5kg";"cena";"2016";2,12;"zł";"";
2200000;"POMORSKIE";"grudzień";"mąka pszenna - za 1kg";"cena";"2016";2,63;"zł";"";
2200000;"POMORSKIE";"grudzień";"kasza jęczmienna - za 0,5kg";"cena";"2016";2,37;"zł";"";
2200000;"POMORSKIE";"grudzień";"mięso wołowe z kością (rostbef) - za 1kg";"cena";"2016";24,87;"zł";"";
2200000;"POMORSKIE";"grudzień";"mięso wołowe bez kości (z udźca) - za 1 kg";"cena";"2016";38,49;"zł";"";
2200000;"POMORSKIE";"grudzień";"mięso wieprzowe z kością (schab środkowy) - za 1kg";"cena";"2016";15,69;"zł";"";
2200000;"POMORSKIE";"grudzień";"kurczęta patroszone - za 1kg";"cena";"2016";6,99;"zł";"";
2200000;"POMORSKIE";"grudzień";"szynka wieprzowa gotowana - za 1kg";"cena";"2016";27,87;"zł";"";
2200000;"POMORSKIE";"grudzień";"kiełbasa suszona - za 1kg";"cena";"2016";28,46;"zł";"";
2200000;"POMORSKIE";"grudzień";"kiełbasa wędzona - za 1kg";"cena";"2016";15,31;"zł";"";
2200000;"POMORSKIE";"grudzień";"kiełbasa wędzona (2) - za 1kg";"cena";"2016";0,00;"zł";"";
2200000;"POMORSKIE";"grudzień";"filety z morszczuka mrożone - za 1kg";"cena";"2016";22,06;"zł";"";
2200000;"POMORSKIE";"grudzień";"karp świeży - za 1kg";"cena";"2016";15,84;"zł";"";
2200000;"POMORSKIE";"grudzień";"mleko krowie spożywcze o zawartości tłuszczu 3-3,5%, sterylizowane - za 1l";"cena";"2016";2,43;"zł";"";
2200000;"POMORSKIE";"grudzień";"mleko krowie spożywcze o zawartości tłuszczu 2-2,5% - za 1l";"cena";"2016";2,17;"zł";"";
2200000;"POMORSKIE";"grudzień";"ser twarogowy półtłusty - za 1kg";"cena";"2016";13,69;"zł";"";
2200000;"POMORSKIE";"grudzień";"ser dojrzewający - za 1kg";"cena";"2016";19,83;"zł";"";
2200000;"POMORSKIE";"grudzień";"śmietana o zawartości tłuszczu 18% - za 200 g";"cena";"2016";1,68;"zł";"";
2200000;"POMORSKIE";"grudzień";"jaja kurze świeże - za 1szt";"cena";"2016";0,52;"zł";"";
2200000;"POMORSKIE";"grudzień";"masło świeże o zawartości tłuszczu ok. 82,5% - za 200 g";"cena";"2016";4,73;"zł";"";
2200000;"POMORSKIE";"grudzień";"margaryna - za 400 g";"cena";"2016";3,81;"zł";"";
2200000;"POMORSKIE";"grudzień";"olej rzepakowy produkcji krajowej - za 1l";"cena";"2016";5,71;"zł";"";
2200000;"POMORSKIE";"grudzień";"jabłka - za 1kg";"cena";"2016";2,55;"zł";"";
2200000;"POMORSKIE";"grudzień";"pomarańcze - za 1kg";"cena";"2016";5,82;"zł";"";
2200000;"POMORSKIE";"grudzień";"cytryny - za 1 kg";"cena";"2016";7,06;"zł";"";
2200000;"POMORSKIE";"grudzień";"marchew - za 1 kg";"cena";"2016";1,85;"zł";"";
2200000;"POMORSKIE";"grudzień";"cebula - za 1 kg";"cena";"2016";2,18;"zł";"";
2200000;"POMORSKIE";"grudzień";"ziemniaki - za 1 kg";"cena";"2016";1,04;"zł";"";
2200000;"POMORSKIE";"grudzień";"cukier biały kryształ - za 1kg";"cena";"2016";3,16;"zł";"";
2200000;"POMORSKIE";"grudzień";"czekolada mleczna - za 100g";"cena";"2016";3,55;"zł";"";
2200000;"POMORSKIE";"grudzień";"kawa naturalna mielona - za 250g";"cena";"2016";6,93;"zł";"";
2200000;"POMORSKIE";"grudzień";"herbata czarna, liściasta - za 100g";"cena";"2016";3,90;"zł";"";
2200000;"POMORSKIE";"grudzień";"sok jabłkowy - za 1l";"cena";"2016";3,51;"zł";"";
2200000;"POMORSKIE";"grudzień";"piwo jasne pełne, butelkowane - za 0,5l";"cena";"2016";2,81;"zł";"";
2200000;"POMORSKIE";"grudzień";"papierosy - za 20szt.";"cena";"2016";13,66;"zł";"";
2200000;"POMORSKIE";"grudzień";"garnitur męski 2-częściowy, z tkaniny z udziałem wełny - za 1 kpl";"cena";"2016";616,75;"zł";"";
2200000;"POMORSKIE";"grudzień";"koszula męska z elanobawełny, długi rękaw";"cena";"2016";105,44;"zł";"";
2200000;"POMORSKIE";"grudzień";"podkoszulek męski bawełniany, krótki rękaw";"cena";"2016";29,30;"zł";"";
2200000;"POMORSKIE";"grudzień";"rajstopy damskie gładkie, 15 den";"cena";"2016";7,32;"zł";"";
2200000;"POMORSKIE";"grudzień";"spodnie (6-11 lat) z tkaniny typu jeans";"cena";"2016";63,17;"zł";"";
2200000;"POMORSKIE";"grudzień";"oczyszczenie chemiczne garnituru męskiego 2-częściowego - za 1kpl";"cena";"2016";38,06;"zł";"";
2200000;"POMORSKIE";"grudzień";"półbuty męskie skórzane na podeszwie nieskórzanej - za 1parę";"cena";"2016";186,48;"zł";"";
2200000;"POMORSKIE";"grudzień";"półbuty damskie skórzane na podeszwie nieskórzanej - za 1parę";"cena";"2016";168,46;"zł";"";
2200000;"POMORSKIE";"grudzień";"podzelowanie obuwia męskiego - za 1parę";"cena";"2016";51,85;"zł";"";
2200000;"POMORSKIE";"grudzień";"bateria zlewozmywakowa";"cena";"2016";150,39;"zł";"";
2200000;"POMORSKIE";"grudzień";"zimna woda z miejskiej sieci wodociągowej - za 1m3";"cena";"2016";3,27;"zł";"";
2200000;"POMORSKIE";"grudzień";"centralne ogrzewanie lokali mieszkalnych - za 1 m2 p u";"cena";"2016";3,86;"zł";"";
2200000;"POMORSKIE";"grudzień";"węgiel kamienny - za 1t";"cena";"2016";780,95;"zł";"";
2200000;"POMORSKIE";"grudzień";"ciepła woda - za 1m3";"cena";"2016";21,87;"zł";"";
2200000;"POMORSKIE";"grudzień";"firanka syntetyczna, szer. 300 cm - za 1 m";"cena";"2016";36,07;"zł";"";
2200000;"POMORSKIE";"grudzień";"ręcznik frotté z tkaniny bawełnianej, wym. 50x100 cm";"cena";"2016";21,27;"zł";"";
2200000;"POMORSKIE";"grudzień";"mikser elektryczny";"cena";"2016";141,57;"zł";"";
2200000;"POMORSKIE";"grudzień";"kuchnia mikrofalowa, poj. 16-20 l";"cena";"2016";312,17;"zł";"";
2200000;"POMORSKIE";"grudzień";"talerz głęboki porcelanowy o średnicy 22-24 cm, dekorowany";"cena";"2016";15,43;"zł";"";
2200000;"POMORSKIE";"grudzień";"proszek do prania - za 300g";"cena";"2016";5,48;"zł";"";
2200000;"POMORSKIE";"grudzień";"wizyta u lekarza specjalisty";"cena";"2016";90,00;"zł";"";
2200000;"POMORSKIE";"grudzień";"benzyna silnikowa bezołowiowa, 95-oktanowa - za 1l";"cena";"2016";4,78;"zł";"";
2200000;"POMORSKIE";"grudzień";"olej napędowy - za 1l";"cena";"2016";4,60;"zł";"";
2200000;"POMORSKIE";"grudzień";"bilet normalny na przejazd autobusem miejskim, jednorazowy";"cena";"2016";2,71;"zł";"";
2200000;"POMORSKIE";"grudzień";"przejazd taksówką osobową, taryfa dzienna - za 5km";"cena";"2016";16,51;"zł";"";
2200000;"POMORSKIE";"grudzień";"odtwarzacz osobisty MP3 z radiem";"cena";"2016";165,25;"zł";"";
2200000;"POMORSKIE";"grudzień";"bilet do kina";"cena";"2016";21,71;"zł";"";
2200000;"POMORSKIE";"grudzień";"gazeta regionalna";"cena";"2016";2,35;"zł";"";
2200000;"POMORSKIE";"grudzień";"strzyżenie włosów męskich";"cena";"2016";19,54;"zł";"";
2200000;"POMORSKIE";"grudzień";"mydło toaletowe - za 100g";"cena";"2016";1,92;"zł";"";
2200000;"POMORSKIE";"grudzień";"pasta do zębów - za 100 ml";"cena";"2016";7,67;"zł";"";
2200000;"POMORSKIE";"grudzień";"wywóz śmieci segregowanych w budynkach wielorodzinnych - opłata od osoby";"cena";"2016";11,24;"zł";"";
2200000;"POMORSKIE";"grudzień";"wywóz śmieci niesegregowanych w budynkach wielorodzinnych -opłata od osoby";"cena";"2016";19,77;"zł";"";
